26ed23d5-2729-49b4-b93d-d1d1da7e907d,0
05ef1b97-5cc7-48f1-9f26-914e950db450,0
f5ba8847-6d61-47fe-bbef-114cccbec874,1
988f9159-b599-49f2-95d3-74f435ecb89d,0
964eaf23-f2b8-411b-9f15-0bb91cfb5bd3,1
80a2143c-5dae-4e40-9528-fcde1c4419bb,0
3022fa8f-f85b-42ef-80a7-aab5f2192f6e,0
4d9b980b-0b4c-44a1-ae3c-955ed1fec209,0
c276027b-ec5b-40ff-8999-1ec049b46db9,1
b05b896b-81f8-4ae5-9b75-402bc813f143,1
637a4454-4048-4aae-8ac1-dbfff1d92f27,0
9da44e3d-b3f8-470c-ba83-3b0fd7338e58,1
87d49ff4-31d1-4e7d-924b-394d9233c604,1
54b8309e-f54c-40f7-98f1-b8c6aa1d07fa,0
de1eecd0-26cf-4559-b362-5cf4c4b61194,0
0e7d2ef4-24e1-4f36-a04f-3623800a8c79,1
035a7184-a9e8-4cbd-9045-ed6284c0fdd7,1
f762b4c0-ae40-4ebb-a245-451354bf88a1,1
d63e1658-eb94-41f6-bd07-dac71e061edd,0
b8ce6c4d-e2b3-4616-a625-98e5d87807cc,0
8129931a-5272-4083-b9fd-b36f1ef26f1f,1
469541f1-9830-4492-8ff8-744ce8b6c7b9,0
12dea566-905b-4cd4-a4e2-f7b55146cbdf,1
de378647-84dc-4ff8-820c-b661d2942b02,1
868f9567-992a-4d68-b256-8583fd2ed04b,0
856b7558-3f3f-4708-af74-fa56df669755,0
d5c3c809-d369-414a-b695-8f161d49b622,1
65cfc1ae-89e5-47b5-9d57-e8ee5bc1412f,1
c83b4f47-6370-49d8-9037-6c46c34421ef,1
d3c689bc-d13a-4bbe-a23c-1f43d185a1a9,0
90675835-5849-4a51-abbd-bf301a12594a,1
dcef069d-5291-4bc4-bdbe-54fc395e29dc,1
984f5b43-ec36-450b-963b-fb8e19f90fb5,0
6527e4a5-340b-48c0-8659-ba8331e06af3,1
9fb09642-17c5-43f3-bff9-4381c4bac267,0
7cb27ea4-94f7-4885-a3b1-e2dc4eb98c6e,1
47c15a76-7963-4c47-a70c-fe7296b4e7b0,1
262f1eed-f58d-4d99-82b7-29bd0e46c60f,1
1fd0fb31-2411-4f2f-9618-66e52acda9c9,0
0471712a-3140-4ff6-8314-de2764a40b52,0
acce8a8d-6611-44d6-b210-7d3d6ba77fb4,1
3634a880-814a-4e50-bbb4-b002bcaa65c0,0
17490fff-9046-4f1d-adee-a4fb372cc17e,0
760fe62d-558f-4102-97d2-14729fe4146b,0
1b58068e-df47-453d-bf56-e607c3e43f03,0
ff0a002e-472a-4ebf-b4b0-91b0fdc51fdc,1
421d8b1d-f9cc-4132-87f4-ecffe79cde02,1
6a39896d-1a9d-4830-b944-010838a4ff9b,0
0110f8c4-7653-4eba-8257-7f7965b5f5a0,0
f9dc0595-6559-485b-b037-14d779f39a8f,1
d81e06d8-8420-4ef4-9a7d-71153906d995,0
7ceea273-23ee-4bca-9ddb-195b318009a9,1
2bb4fd5a-22c5-426d-bfe9-6691d6550a34,1
b5e320ce-4983-4918-82a9-2c59689c65a0,1
a6e9575c-0cf8-4567-8696-1e1a69f6d04d,0
f9681182-30e2-40ab-a2f2-8c310a6e7d72,1
49acb792-2ad0-43f0-9e1c-83bdbc3d080b,0
60736588-91c7-43cb-a70d-953d7c893f2f,1
3416a20f-0f71-43eb-ab1b-f9dfecadce74,1
e41fc0e2-61fc-4acb-9c2d-a1d28e243c63,0
209be9b7-accd-4386-b37c-37567006f266,1
36340b38-9614-46d5-910e-0f0ac38a1dcf,0
670ac6ff-e17a-4253-af0a-90a3762b971d,0
27848489-7e3f-4e0f-9529-8b74131d3bed,1
7b2e8691-7f85-44d8-a5bb-9a323c45d4ec,1
3f84f5ef-5d01-439d-aaa0-1a170117ee61,1
0ea5de58-c6fe-45d0-855a-13152d92f40a,0
e8238339-7854-4f1e-b8ac-55ed82842cd6,1
dbffd08d-dc63-4e80-adca-c0ef997eb325,0
3e889214-0680-4af3-a0a2-bd62df6fdcbb,0
2cc67e60-4a77-4235-96d7-43329c11fb8f,1
7cef4d4e-8745-452b-b713-1bc2ecd6db3a,1
b6716a1d-6162-4cb1-abc2-c5f4ce896400,0
d6c42176-4ef8-4021-8f34-ede9d3eef362,0
e4ad164e-fa26-41b6-93f0-96a89794d775,0
a3989b53-6102-4787-8479-1bb770c4418b,1
edd10b7b-3ad1-43c7-bbe4-267e6997ec6d,1
8dae0028-246a-49fc-a094-af2fe526b178,1
27fc9a42-4d83-4315-b33a-d8c26b4490c4,1
1aa7b662-2357-42ef-a6e6-02fe92be9493,1
992eb072-08ea-49f3-bacf-1e4145e821ad,1
882ca6f7-b2ed-40f5-a282-388f73bb1fbe,0
a82f7860-06c4-45c8-947c-4218e5e9cb15,0
64eb1c65-d336-4dd9-b443-afe48662a9c3,1
72f89658-262c-470e-a8a1-c24f05d6547e,1
13a3f6bc-ea58-422f-a0ec-50838c31d1e5,1
662433d4-42e5-43f8-ba49-805c6d261d76,1
ca802521-4c23-47cb-bdeb-f2d0ece833c9,0
dd587004-a84c-4e8e-a359-c47f4311dbb5,1
ced34011-0771-4fd5-8623-11b368f829e2,0
d27e422b-7b0a-4ba3-a01a-0cc535945d54,0
d5e42262-4a46-4f31-9ed7-035762b93894,0
6389d3e9-442b-4840-aa54-ca72578f27f8,0
7b5355c4-1036-4c3e-9464-d71e6718bd57,1
ac20d56e-3de4-47ba-9682-3fd0a23a18c0,0
caf0476c-bba7-4d7e-9751-682ccbcf19f1,1
1a8ae264-3063-4ea8-b47b-dfe9c810451e,1
a4d380a3-2d5e-465c-82b1-dcaa7441cad6,0
f395b379-0b41-4e77-bf56-f14bb3521f39,0
3e2e2a03-1f73-404c-befe-9a543f17d5f3,0
1565bb2c-d4b0-4a5e-9268-3fd476a87edb,0
b08a506c-1062-4209-a221-08c242efc12e,1
9f99fb7f-5ad0-4744-b657-72be5315dba8,0
bddb035c-c73a-4a08-a285-e5a4d9235a4c,1
4248367d-c0b7-44e1-aee2-1abb59779cc7,1
6daa842f-3b5c-47eb-9624-47991fe15f37,0
583959bd-d553-45a7-9e24-27b554345063,1
f678a809-dbf7-43c8-b885-7cc4c80bc978,0
36bd69a4-2915-469a-9d77-f6a6ddb6c358,0
1607c5cc-f798-44fe-a1ff-ed478cd06a74,1
bb07c9d5-900e-458e-a815-d8176e7f8058,0
21596728-4b67-462b-9292-94670373b53c,1
653e34df-095e-47bd-851c-e8147c776364,0
edb53577-4346-4946-bc3e-217e5887c56b,0
c8f46269-7be0-435c-a14f-f4e0c11ae64c,0
1b3e4010-1175-40d4-8824-66150147ba5f,1
55d7837a-8365-4160-9221-f4126573c649,0
3f322737-2e83-4b2a-9125-27598399b4ad,0
44834057-d13e-452a-890f-10c4473d4da3,1
7a511501-cb80-4c04-bbd7-14a8489c5a91,0
7a5b62c9-37f4-414b-bd39-326d49c3c530,0
ed7dbfef-45e2-449e-bb26-e153fada9e33,1
3ea19c76-ce1c-4cf0-8e82-ad55f241a21c,1
0cfe593a-1977-4161-b0bf-06abe6ed02a7,1
da6144bc-e25b-4715-b84e-2f8ee94cd184,0
a7cc8781-d81f-4fbe-8a78-a20a927f9f8b,0
1448763c-a854-49d8-968e-136a5f6a0e45,1
b50fb6d1-5537-43f2-a34c-1b3a6547a62f,1
367c408b-8052-4e39-abf6-ea5ef80f829f,0
d3a9ae48-d0a4-4fe4-9e00-5f3fbf0bcbb4,0
ae4c98e1-fc20-490d-adc6-959c4d38d792,1
fe3257a6-4480-444c-8cbd-b2b7a950a893,0
d6d1fdf5-93e5-445c-a3ba-a60971a56412,1
64840fef-97a0-48b1-b78c-1eab268a9fe0,1
63b90c74-ad26-46d7-a762-30fa4262bd5f,1
2e7d34df-e9d8-4256-a80f-128018ac4cd7,1
a2ef97b2-ed6a-444d-b610-28d90e3670ac,0
b027006c-eb9d-4924-a109-4e914b3eafdf,0
69cc2fa9-2c34-4c23-8d8b-ee7c3dfff067,0
2664ebf9-2a30-4fc3-800f-9f4b95ea7e84,0
75226da9-ac65-4c3b-a152-cc82166d54f5,1
6c5b06b7-291f-4977-ade6-e7ad8ff2a880,1
22236bb9-ae92-4980-a5b9-05b9163787c6,0
8b424877-658a-4d0c-90cf-c7dd2c0dac98,1
62b93e48-003d-437d-98ec-748d00fcd5d9,0
4ea76cf8-ece9-4824-9426-6b74947878df,0
9b5e1201-646c-4e9c-a065-03d232f33bdf,1
1242d530-6ae4-4797-95d3-bb1cbdc079c5,0
ff6bba56-af96-4dd4-9d28-a72b37a29d45,0
0c91a394-12cb-4a25-8b28-81f75940de08,0
fec1317c-1f5b-4325-a70e-cad12174ad37,0
0a909ef8-8390-4552-95f0-e6861c6e7fcc,0
bd66e602-06d2-4cd3-9169-37f097e2431c,1
383133c3-d489-468f-9cac-dc41b5bf12ec,0
c26a8681-b215-46ef-99f7-0311f5df7b25,1
106bb936-ecee-4109-adb6-7fc257801428,0
db524e05-5d69-4f86-91c0-36ff339b5eab,0
46cc5055-1e57-4104-8fd0-19a3592d78a9,0
43310cbb-23f5-4ec9-b031-b1c28bb00e7a,0
101e763a-dafb-4cd4-a9b1-cb006d0a44d2,0
52402a75-424b-43bb-a798-02d17948ed97,0
c5949166-9153-4221-a3ba-8fcdff07bb07,0
ec08a2f3-5c06-4670-bdb6-5b3e5d510212,1
54593211-d8b7-493c-b9cb-eac602de7a3b,0
f4fd8a6e-b661-42e9-98e5-6d7793264956,1
cb7ca77f-60f0-4cfd-8519-404c6163baeb,0
507e10e6-0232-4b3c-9ee8-254777a813e8,1
fb82fc04-6bbb-4ad4-9616-7e328ac1dac9,0
e2bb6217-7366-4431-9ec9-59376ba6fcd6,0
506dbe2c-ea26-482e-88da-549117fa18af,0
6a9d9f01-50e5-4983-8c78-e282b1be057b,0
c6a72481-5aaf-46ca-b473-ad97703f2451,0
98941cd1-45d1-410c-9159-78c2082f8104,0
b448f444-243e-42e4-984e-4317c89ce065,0
aae10800-e077-4690-9ee6-6fb4ff80dbee,0
db15ae9c-4d9c-46d6-8f4e-edbe8591c72a,0
9a3fd88a-d29a-450d-b233-c32ed52c2de1,1
29e9f6b3-07f2-4b47-9f42-ff2a185f7057,1
d0326f4d-4052-4b18-85a1-f712ddba0e60,0
6ebbe2fa-a136-4abf-a276-d499106f1db9,1
3fa63188-f8a6-493f-ae3b-2542796e0f80,0
cad96209-4175-4875-b208-236b044338e5,0
7cb0db50-b738-480d-8828-bb3d11bc0eef,1
40d2d348-e95e-466b-8e6e-9b2d5bfeed1f,1
e0cade0d-ea3f-42bf-a55a-38d64fb3a8ef,1
ceba23ae-06e7-4930-9327-8a8c684b1893,0
0d4441d2-160e-4604-8233-3368b2a04dfc,0
80783e4a-d8b2-45cb-9938-1036d7308c4c,1
89504a3b-e0a3-49da-ab13-5b078d015c8f,1
ec9c26a9-b98e-44dc-bb86-c4c86a30b995,1
3d16e5e5-4042-4073-96f6-26c280275d93,0
d63b84f5-8696-4b79-b28e-6add0bdfabcc,0
b41cefe0-388c-4795-b574-c83ad3b86892,0
33372fbc-8ccd-4dad-87e0-63783e6f8126,0
330e15b1-b890-4ece-b3d2-f55aadb05e7f,0
6824ff46-e8ba-40a5-9955-0c8d9148fa76,1
60afb36f-6a63-41c7-bbe0-075ae96590d9,0
93e5e84a-4987-456a-9521-3c3f720ad796,0
811e4a3e-fb63-4a4a-bfa5-1244569f5356,0
946e1176-e391-4d8a-b4e1-681e4cb0ca75,1
31b4430c-7453-4b1b-a175-daa8038068d1,0
421bd837-d5ae-4662-81de-8fcc6b515945,0
09f7c90e-84e3-4d1d-ae7d-e261dbdae746,0
56390242-5c52-4fdc-8ea6-f7e8f7c21fdd,1
df5d1e57-608a-4c15-aa7b-d84515ac5b01,0
d9906669-e2f7-4a53-9a4a-f66f3aca67b2,0
5764f2e8-47eb-4b06-886b-c81c138f2c67,0
acb1608a-be43-4d63-b135-4bd874bf885d,0
17428344-1dd7-4384-81cb-e2731e33c462,0
409ff8f3-8401-4c7c-aabe-edfd2b560d8f,0
5fe1bf8d-c289-48da-ab02-ea1e751c93a9,1
bb170af0-4733-4dfe-a173-5dca755d7694,0
33fe7391-7def-4e0e-93a2-f89cb1d51ac9,1
53017024-9167-4514-80e4-8b49600b4021,0
a369910d-cd8d-4716-8fe2-27996a8b054e,0
a57a4a4c-0618-4d9d-b7d4-f2c894103512,1
241c630a-a7e2-4e74-91ef-4f200edb6644,0
d69d880f-2b96-4e5b-8089-ca26657dc4b4,0
fcfbb817-4f9b-4be0-a1e4-8d851f342822,0
ff633a72-9ca2-413b-9c7b-a560fa6cf407,0
6737e9ef-e661-41bb-a7d7-4d3091535180,0
2b015395-783a-4442-9399-12183a7d5b06,0
87401855-909a-4f42-b8e6-2bff01e2f7f1,1
9c24752b-bd93-4c1e-b44b-17c2456c17bc,0
526abb23-c974-4517-bac6-a69d8595cf2b,1
0a3a1894-b471-4946-91ee-48ecb23d077f,1
b40fba2c-ef8e-4066-a54d-6600de72604e,1
e76c7db9-b2c1-46cb-86e4-d77c0d92bee0,1
f526b68b-50e3-41b4-93ea-776c2d4c61f7,1
742d29fe-89f5-4a43-8fc7-74ff2e6d6a93,0
fd738610-c11f-488a-a0f8-2e5c4b0d52a9,0
3f36e100-bb63-4612-b9c8-fd7a07c6dfc9,1
31bdfa33-f1be-40a2-bb6a-8f0308e04096,1
88b695cc-b4d0-496f-a99c-ec08dd460c0f,0
477fcaa0-7569-4e89-b77d-d12575105a48,1
dd0602dd-6128-4c35-bae1-cea7b54fbcb5,0
236db893-c624-4260-b22e-ded9d1ffd861,1
7912131d-b133-4c4f-a007-07d4a1683381,1
3e91011e-151d-4519-a944-c680a597191b,1
c0b45595-beef-4cb1-91a4-eec58ed3d979,0
d2729bb0-5c7a-4f91-a0d3-c506d22fb348,0
eb237c37-18ad-4df1-901c-34f0d5e5a4cc,0
5d491d30-a294-4be9-9456-0ba6af28dd8d,0
aa9fd1f9-8f93-420b-b19e-56ccfffb1369,1
2f791ea2-953a-4e16-b730-22fd18301dd6,1
634c37e4-5094-4890-a2cc-6afc71918e60,1
e7d0a66c-fd6a-4c7c-be7e-85c0e1ce86c7,1
3f9eae0e-d44f-4701-83b4-01c0a06f365c,0
b3213043-d108-4eb5-9fbc-400f27a07fc4,0
940e5a5d-3011-4610-bb33-4439b4e835ea,0
9c0a0cb7-4fbf-4ad0-a7de-e4b6766a5670,0
2fdde1dc-7fac-4cd3-a920-023575560bd9,0
75266570-c5d1-4f38-9076-0536e6ea1907,0
8f7bd5dc-50fc-4edd-b6b4-23bc42d31c49,0
7cb0aa9a-b375-40c9-8e9c-5bfb71d90db2,1
448b250f-d2be-4b87-8a5e-8b22570dc5df,1
e2f00d35-9151-4d8b-b428-fa49c31ac55c,1
56726ae2-1e6b-4e5b-b374-65feb92fdb00,0
90b0f682-5894-4dec-8eea-cd238a751307,0
d96704c7-ac39-43a2-bb7a-8853b812fe1e,0
290160af-71c8-4869-b31b-089fe5ef8972,1
e6bb8ad1-69f9-43c0-8de5-2c4db0973e14,1
c775ded0-5a9e-4842-b853-785fce3de524,1
0bb67dcb-abaf-4688-9485-b394592a930b,1
4165859e-7394-43e4-941f-7dc8c09773c7,1
594e1836-8269-4fd6-bc18-ccf9e5ce8c8f,0
6df91f35-9872-47a2-ac42-5b34b0eab221,0
8745cd7b-cae3-42e2-afb7-c9fee082ec5b,0
a7f8f051-11f3-488e-8536-9bb0cc1b1fbb,0
e9cfd5c5-f9d5-41de-9e0a-f849cda6b463,0
41ba42dc-0520-4387-b058-1862a8c6b494,0
de57481b-820f-4430-a808-74a5727ca808,0
122ca06f-595a-4d6d-bb80-bb3665e27dc0,0
92c2ec12-2382-434e-addd-3d6b9a393302,1
397f70f1-43a7-4b0d-8dac-5170db89ad16,1
6570aed8-df4d-414b-be91-df67dae1aecb,0
ba2ed2c7-afbf-4fdd-a8bd-4a9d74a2c52c,0
3a477a9a-70a9-406b-8148-85660c6620e3,0
de866d36-eace-419f-8347-ce16b232e51d,1
a3a43f1d-59d9-44d4-8c9e-c9e1f4462456,1
bdea5d1e-45f3-48cc-b0ff-dc0f1d498a12,0
9dcc4aba-715b-4874-9b53-c17d1521de33,0
6eb09628-e1d8-4db2-a4fd-8c8445d71769,0
1c5699aa-9b83-4e20-b297-3ca518a82dd3,0
4aec7b6c-3a88-4cfd-9051-ea7643c412c2,0
566d0e09-b4e4-40a0-9d3a-de035415d028,1
d5d1c128-6701-473a-b958-017f6ea2f545,0
d41a3c29-7b20-4347-a3b8-6c4c96cb9d6d,1
18830092-2852-4986-9a81-cdd181a58fc5,1
2b8be8ba-073b-4da7-8471-fd9161b615c4,0
9599ae79-3acb-4adb-b4f5-8288bc6a3bbe,1
ee52bbf3-3f98-4ae3-97d5-32db3982d94c,1
e0bbc994-bb8e-49c8-828d-febdd83d1c3f,0
c642cc96-ee3a-436e-851d-01e0986e2ca1,1
509ab4d2-ba0a-4c1b-8e8c-e1d728c0ce80,0
99e1b2d2-fb56-4a33-9212-7ca7fbfec2fd,1
c90a6ccd-4f69-4e62-b202-17524bb40557,0
e2574340-0f0d-4921-aae5-5c752fdbbd7d,0
817bc018-a8ff-452d-b944-cc357b8ffb09,1
e39eb581-042a-4b06-a14b-1245ed8dcd88,0
1f1942ab-84f1-4b3f-895d-b35ca66c714e,1
37212df9-c68b-4a3d-97d4-d0a28491827d,0
8bcb6d4d-7ff6-4a7d-843d-f5cbce30a778,1
d4491270-0bee-481c-8338-6171a42df056,1
bbfdd73a-ba48-4ab2-ad6c-5d188d6030bd,0
0cb77ac4-f03a-47ad-8628-70028ae70d0b,0
d598a225-7660-4e33-a47e-94624ab7e547,1
29511c6a-36fa-4599-bb0c-1219f3099220,1
cb2e2f60-9556-4bfd-b0e7-cdcc1d99e5a4,1
80417a6a-a98f-427e-b3e1-50bc7804af22,1
10a1d68e-71ae-499e-9268-98ee10825145,0
42999194-47a7-492c-afb7-f6c3a3688fe4,1
0f882b2d-9784-418f-b43d-5c52b9df3c23,0
c3c5b0a3-a5a5-4bf3-89ab-e428fa8c77c3,0
1542b3be-715e-42ab-8175-0f3f361a0c06,0
759f3c28-4c3f-47dc-8c59-970bf29747c2,1
d172f646-9276-4a17-b51a-32ee03d39c1d,0
dc5daf75-9c83-4c24-86f2-4ce101d25a4c,0
c35eb6db-7871-4612-afa5-d6754dc43271,0
b93de3ad-d59f-4066-813c-95f3ed963dd0,1
c4c2a66a-ee74-4a80-b335-5433cb77990e,0
e5abd089-19d2-482e-a7f5-3dbc4993b3cc,1
c2a04f99-cbf5-4241-a44e-2a8f2c6247ca,0
135f4f06-9a15-4e7b-b147-c346fcfdc4e0,0
b46b0794-b548-4ce3-90dc-da1454f26f54,0
390fbb87-f4d6-4ea3-b544-0c8d14fdfcbf,1
e45b525c-4f96-4667-92a9-4b5a3aaf9f68,0
c4e9f946-ed59-445c-ba66-dbfce03be455,0
16718c71-4e07-4818-8e56-282064432da8,1
1ec59d85-7c90-4b00-8bd2-625049f9154e,1
241b81e3-707f-4b31-90d2-920dd7921e83,0
ec9a8b9d-ec3e-477a-b890-aaeaa3fee235,1
7481963f-ee05-4682-8cf2-fef4ce0b15ac,0
3a89e9bc-cb52-4bef-97a9-85610bd50fb7,1
970c0d02-6655-4df2-a1b0-372d0e4ba4cf,0
e3862c5b-e124-427e-b9a9-3ffee2c07464,1
abd7292b-c259-40b4-ba0a-7a42e82227c4,0
6eaf16e4-d3ef-40ef-8a10-4d0914214d98,0
309ce11c-b319-451e-a0fc-561c24ece63f,1
44f48114-ed9e-4aef-bb2c-5b836127556b,0
d8e19d3e-91de-4fe7-b5d6-fb24439586aa,1
76a40e97-9e48-4fa8-9f7d-9d7dfa43347d,0
3aefa138-e8be-4f81-a2bb-0216e8f29bb1,0
bd0ee986-6e4a-404b-ac7f-ca9d9ccc717c,1
f69eb4d7-8c2a-4401-ba66-a502649fa3fa,1
37a733b0-fc45-4c2c-b42d-bbdbe75c2764,0
48bf477e-b980-418e-8285-6e790cb3be2a,0
e7d00ee1-2065-481f-84db-ab052ea2e826,0
5566584b-cede-4e5b-9536-cb7140aaa8d3,1
1b3731f9-f194-47e1-aa92-b7eb76533f17,0
f0b84c08-319e-4d62-a382-96710fd268e5,1
52d8117f-fa08-4dfe-85ba-a6419d4f4fbe,1
31a06c78-7ba2-41c3-bcab-78c73e70a8ac,0
980a98f0-b9b0-4710-b6c1-4950faf2dcf5,1
6369a11e-d57f-4af3-a6a8-4298327bc152,1
9ec7d151-e57d-46c1-aa3a-6c4ef3c9c998,0
f09faa12-b478-4731-8206-602f3057b1c3,1
77bc1d4a-0ae2-4440-8a1d-2079fc6d76aa,0
3a708c2c-befe-4e23-971a-addec80ea0da,1
3f0fcda1-458b-4b79-9f8b-17da393d83db,1
807a5e20-4a90-4d9b-bc2e-ef5ed0bfcf66,0
0255e5e9-be4d-4925-b6d8-b90764e49450,1
2cb304d4-8fb9-42f7-8b7d-3575d8b84e4a,1
c8d4b4bf-38dd-4e95-a886-7adb92efe87d,0
336c25c8-96ae-43f3-ab34-24f2cbd22247,0
f866b3a7-268e-4812-b928-f0c1f81c56ab,0
44b1d42b-f62e-4f75-aeaa-1ec1248a8bae,1
c40420c8-2460-4ed5-9a0f-3cd2bb9797ae,1
d67550fd-dc4d-48b2-8bca-ff84af5e54c3,0
1549ddde-e1e7-4de8-a9a1-8912055a6888,0
5af10592-040b-4b75-8f69-42c2c509637b,0
afb09d39-5d1e-4d3b-bfd2-9716f0991932,0
7cb5cd2e-d106-4ebf-a928-d8690cc4b9c5,0
348a92fb-f7ca-40b8-8ec0-010435a0452e,1
f5a58add-21e3-4462-a61b-a37a4adbf044,1
ce56f437-828e-4d22-9f6b-8286878f8283,0
44599e71-a495-4f20-b3f3-cc0dc4134f0e,0
c97b1b21-4da2-44e5-8773-3a6035eec5e0,0
371ad6d5-cced-4919-92b3-0fec5646266d,1
ccf16b78-2c67-42bc-980f-dd0e900b845a,0
1a41b53f-fa30-46dd-9af3-f535b83b1924,0
273cb0f5-090b-4750-9eb1-6b925b2baa45,1
d3176fd2-6bbb-4315-b850-5f4812626bd2,0
87d0331a-0de3-46b1-bec7-e6068e88f338,0
ad99e835-fdfe-45ec-996f-5ba380032cfe,1
50267da1-a018-4160-b536-f318bba698a3,1
9c5fb318-1596-40fc-83b7-ad62d48d9da1,0
cc5b603e-f8fb-446b-8b81-26cbfda9a02d,1
69ad85cd-ae59-43bf-b588-3d2f6839a546,0
bdf210f1-338c-4021-bb47-5dd2d3c42852,0
a5e87901-f99b-498e-b4c2-eb1285a5cdea,1
0dfe421c-255a-4cc8-9da6-db0c72ba2ff6,0
2f8662f2-f8dc-4e51-a1c3-118ede4e3993,0
f2119713-bbcb-4ff1-b1a7-4ecc095182f9,0
248ae72b-b1b1-4321-b142-f87cbbea0ceb,0
0054eca5-6422-4b8a-af29-41c5845cabea,0
73d4667c-5327-4b71-ad28-98992816571d,1
4ec25ca2-d64f-4a81-9e0d-8c69b3d1514f,1
bd978cad-4b8e-4244-9f24-6c09518c2db7,1
4bb3bd2d-d10f-48bb-8e41-9b91c655c98b,1
4f68de12-99a2-4e70-aa24-7b6c7e255510,0
de12f407-3d92-4ed9-a45a-ad4ca0957167,0
34cb44b9-735f-4063-b0cc-1e4932f5a060,1
660affc8-7899-475b-9daa-42ad654523bd,1
a31c66fc-bb22-4568-a2ed-d57054c73be7,1
66a76896-74cc-45b7-a779-7768352e55d7,0
bb505018-2db6-435f-a12e-9b57982bb650,1
15736e1c-34f9-4bc5-bbee-0bec108443b7,0
f6aad7f6-c4e5-457e-b4ec-3cfe4f4eacd1,0
9ad852d1-a01e-4e69-a634-ddcd82bc4446,0
129c5145-00b8-448b-aac2-8323b8943ac1,0
09f62797-6bc1-4c36-bb39-b83aece2524a,0
839e82be-4e94-424c-95cc-aa776225dfd4,1
35cc29af-56b4-4ac8-81a2-e08f3be971a3,1
b96979c8-b932-4597-bb0b-ad442c3659fe,1
fb0e354f-8568-4efc-9525-cb7f8706d4b8,0
58529553-4579-4cd7-9c77-64beed89687d,0
a3f480fa-dfa5-4bfe-85b6-a3fefd50de79,1
972ee5a2-519f-48ac-81f0-9a3499b07088,0
62b55ae9-6132-49dc-b69f-1c604e2a1fa2,1
d2a4e846-ce43-4521-90f1-d5635e75b540,0
868ddb96-5a79-4b07-9bc6-34ea6414a6e2,1
5c604156-6e43-40b0-9a79-dfa11667f84b,0
45ff0dec-2b60-4520-8b89-7bfed05a63b0,1
9e35d514-9090-445b-a3cf-dc24db2feedf,0
e7ebcf78-1db3-461d-8e1b-0d158b0270a2,1
83848725-b817-4ba5-8bca-82497b203062,0
1b528d93-a828-42a9-87bb-f7f42cda5067,0
fdad0272-228b-4dee-b841-0d6ee2ab08e0,0
b154987b-257d-4539-87e3-ca259fc926e8,1
a0855718-9db4-42e4-a78b-07126f7b1a95,1
74ace95f-c9e5-4dc8-b74b-abc03b12136f,1
83d0a130-552c-4c12-8d33-5ead53a372c9,0
c92fa211-d4d0-43c3-801e-42860a04c317,1
bf8dea4f-de7c-4531-abb7-c821397abdde,0
226f3f07-047b-4379-b7f1-e734c87ec168,1
2a5009f5-5707-4dd6-8445-efa58667fd29,1
3d01290d-d4f2-40f6-9c1d-a066bff69cfa,0
72d41baf-1fa8-4538-92ef-8c1f797436a4,0
2cb0efad-abe6-4733-b61c-3fb43813c280,1
fdd4d006-a516-43ce-bfe3-596aaddb1915,0
eb33b9e6-defa-44e5-9cbb-fec465f2e564,1
36d48a59-9823-4544-a261-899c393a0227,0
cf2a50ff-5492-415f-9bb3-2e82c9bf1d31,0
2013a27a-3639-4d50-8337-4f79e76bea2b,0
83d107bf-bd5f-4af6-9dfa-9349a5cad64d,0
552829c1-040f-4646-8506-789065a5e21d,0
2cc41154-dfa3-44d3-83b6-eaa7324f87db,0
dcb97e06-713e-4c18-98fe-de7e3e3e5979,1
9043e720-ad0b-4b84-b104-1ec246bda4c5,1
d2d82a0c-3df5-4c68-9769-bdbf2eb09df8,0
b88a37aa-d6fa-49fc-918d-066605603a29,0
9ab3cb68-25d2-458e-825b-072ce897bafe,0
b6389419-e72c-4795-b27c-b9e041df7b82,0
c8cebe2f-58d2-4349-be3d-f1d31e819d6c,1
7379254d-a166-46ae-97d5-09d13ebe02d7,0
993cc837-a61d-497d-9def-d25556e3e88a,1
7ce3cda4-bcb8-4d4e-a2fb-7383335d12a6,1
0c5b6289-40fd-4980-a952-f38374cbe847,0
a8c02b3c-2812-4707-9428-cfb67f69c507,1
a4ae8b50-92ee-4160-8da8-f4a24ab94e0c,1
a591a132-07e1-4a40-8fef-e5bbfbd20f98,0
b24e371a-5ad5-4d36-806d-f13c83aa3a88,1
c3b9d44a-e6f9-45f2-a3a8-0a2307c640c7,0
a1dbbdbf-c31e-4751-a4be-27ecc97eb1af,1
35b0bf90-4831-4d30-87b8-1b3fb4494726,0
9b38fd8f-f966-4edb-9519-65c4a027055e,0
7025a87d-924d-4c7c-bc84-6770278f2aed,1
8a8e6278-34cd-47b9-9848-66e5613e6c3c,0
8640c3c2-34fa-4e2d-b335-32822c1d5b9f,1
73fc49e1-a250-439a-a9e7-441c3c7891c1,0
4b944c80-53eb-4046-8a55-9e6f925e8ecd,1
d3f09345-3f9e-451c-ad54-e232fe97f26b,1
9d7bd14a-874e-4531-9d1d-2bd36bcd4ac0,0
5b508c05-fdbe-4a02-98d4-ff17dffe39c0,1
1571aac0-f27f-4390-9410-7d0c1a449592,0
71b12af8-d751-4610-a937-e6d5b571698f,1
f5c74372-8474-4c0e-a8ce-77a4733e2b0d,0
39d568d5-24e5-4ce4-a32e-1bc4261c9c65,0
21c7d0bc-d003-44f5-8a9a-dc14c54c1397,1
05d754da-4713-471b-9bad-dc78d9414425,0
c12082ef-623c-4037-be67-4f020c4aa1f1,1
1fabe27b-40fe-461c-81ca-f713a50c8f6f,1
0a7d4fcd-5635-4558-b6f3-905b023c0277,0
9b3f9c18-97ef-4ae2-9dbe-fb41b9787bf7,1
3f855599-719c-4f68-97bc-6c7f9fdaab81,0
fa9061fc-d954-45ed-894c-fbac21d504ae,0
35739a87-2ccf-471e-8a97-a60820fc29d6,1
4a3334a6-2760-46e9-9b46-6fc7115d89c5,0
e928ed24-f1eb-440a-95a0-09b7fe8c869a,0
1f1fe73e-fa46-4d25-af05-cccc150512a0,0
a200bae8-a08d-4973-b867-569796ab535d,1
703b6eda-e8fd-4da9-ae8a-b910e17cf183,0
0dbba0b5-b0b0-4e42-b7ca-fdd02bb12c40,0
c0fda7ec-07db-4136-a80e-912a5a4cea0e,1
06e21c6a-6a94-4e2c-aee7-bacb35e93675,0
ed06a136-8888-427e-8945-f0ce16cb305d,1
28380e1b-40fa-4915-baac-e7dfa57d57e5,0
1ecbaea0-2459-46f0-905e-3fb2cc5b22fc,1
5ea7804a-7034-4f81-a784-b76100e264d5,1
76ca71bb-ffc3-4315-ad23-7a44cb213cfb,0
8bcf0392-2110-4819-a67b-afcf2d23e720,1
741def16-17b2-4e7c-b5e4-76887b0318be,1
c76ebe03-d492-4bd7-b5dd-e4b32c85b88f,1
0e1b40c4-2b99-42a9-89f0-d1d63f8e0de3,0
f25bfc8c-70a2-491a-8153-8094f7935132,1
4dbca56b-4673-4a1e-a058-6560a01b7ced,0
033d417c-8616-447a-ae3e-5a770320a5ac,0
c451f2a9-a61b-4309-a03c-8bbe546951c3,1
90a51407-6d9a-42fe-8522-05d23aa72e0d,1
fc79de2c-d3ed-4749-9149-4c500f660c1c,1
a9925f09-24bc-44e7-a510-8082ce655bdb,0
6b4d32a4-3153-49ca-9a10-1bf3556d1f9c,1
8d68cf0a-46b7-4166-9745-8d93d1202e84,0
422bb466-05ac-454d-a459-ad17161334d1,0
ae246c04-c084-4bec-bb77-bfe31c789e33,1
75ed75a3-aa1d-4ad3-803b-48a082c1eb9a,0
cdff172c-3333-4cb0-89f0-668843a14f4c,0
b3720fa5-2312-438c-ac96-b03ece03426a,0
884594b2-bca4-4a87-bf06-2c6fcacf61fe,0
675a4e94-5de3-473a-b978-ac3efbe143e7,0
0e333718-b4ab-4706-8c45-8009d68cef74,0
076ed37c-e5b9-4524-85c7-1d3fe65443a2,1
97ab6662-3629-40d9-8d5b-b6cb2ad98d90,1
e3440568-db45-4742-820a-d0d39f3790a9,1
564e5706-1de4-419e-8dd3-07a114cdffd8,0
1a7fc357-af40-4da1-a7f4-428f90acfa1a,1
703f9b89-dae3-4007-a2a0-c0e1fa39ec89,0
35ff824d-3aab-4512-9707-7ac65e611fce,0
33acc825-0a20-40ac-b493-882aafee259b,1
366dce35-44fd-4abf-b56b-66a47e813eee,1
2fc81f06-b415-4e0f-aa12-014db1b062ad,0
f6614017-735c-40c4-aa22-4e063d939588,0
3bf7a07c-7936-43ee-9aaa-d87d658f1fe6,0
730c2cb4-c347-4884-b073-117416c1a431,1
a13bf845-1be8-4ddc-b0ed-70be08ee8157,1
4262a092-76b1-4173-a8de-8977607bc7d4,1
97873002-dc1f-48f6-9fdd-a7203293ba95,1
f1b47fda-e1e4-4de0-b69a-ed8712697977,1
cffe5e1d-b557-4fd0-bc94-1f35fb0bc160,0
9fbc2839-dd84-4455-b731-ac88400cef70,0
9e9351d6-a083-449f-b24f-e46673da20d7,1
28578de5-8226-41ca-a8c5-5dd3c4bf97ff,1
75321467-6412-42ee-aa93-de5a96590ede,0
5fa51d68-2b15-44bd-94ff-b55529575694,1
6ac20fc8-014e-4f87-bf21-3574633b26d3,1
22ee36df-469a-47ed-9f83-5cb69b397a64,0
380edf91-2182-4154-9214-0917da41bbf5,1
4c4c2690-08fe-4b89-8b95-b36bc412dbee,0
b9ac6b1e-040f-4f1e-9f11-ff7f3cf74967,1
02863263-f49f-4b37-8fab-28841800ce1d,0
af833fca-49f1-451c-9cbf-7e664073608a,0
b1863b7a-b2bd-4046-bc56-0552d30e5b73,0
86039d2d-1f05-4392-8c64-2d627404afd8,1
28a85c58-7320-40ee-a4ab-286b94b03a6a,0
e96eabef-f85a-4a73-8e4c-eca890294872,1
0850128c-262f-41f4-b9cd-20db950694ac,0
02848ab0-ee14-4b26-8995-a39b5e37ac54,0
76a86533-3ad3-4035-bb7b-dd8b404e68e7,1
a530ee5b-2604-4d67-aef1-cc0cba348cdc,1
65834218-de43-4880-b291-d4f7b202a302,1
4e0fd9a5-72ec-4ebf-8d49-b2c2fe997b61,1
ca3da314-38de-4bc1-bdb9-c60fea7dbaa3,0
83223a7e-1fb5-4cdc-8a09-89a5b9849281,0
71842feb-0aab-45f4-ac92-6a73a2fb635d,0
6adca64d-eaec-4cb7-a960-17a01d9dae20,0
2721924a-c72f-4a39-a97a-6a057f833bf4,1
758e5107-dc47-4428-94bb-a800072eb896,1
dcbbd083-b906-46a2-ada4-376f7de0c949,1
bec89555-2a42-4e66-81e5-78f2f9fc999e,1
1a37408d-5f52-4e5b-8176-8bb2065371d4,0
cd7bb6ee-ebfc-44fc-bf52-af800c03d9b8,0
7214392e-b46c-4753-a103-f01ac1b98d16,0
1f11c509-9114-468d-bdb9-f6a75a7a49ef,1
3ef83c65-7ddb-40be-9bbd-56be1ff6c6cb,0
2b0e79b5-eb35-4805-a636-925f6f519f80,1
09ecc87f-48f3-4326-b58d-d17f30447609,0
c117aa90-830c-4ea4-937b-9b4a1cb26c11,1
fac5209a-701a-459a-a7c5-254f09add5a8,1
a5247b7d-f2d1-499e-adfd-6e14791b02c3,0
5c3d5923-a5cc-42ab-b388-8f5c952bb281,0
d6e16e83-5335-4b1f-8f7b-b5ab6c11ed80,0
d07a5a14-4d10-4232-85c5-ed7eba377e13,0
226e7ec3-13e9-4bfd-948d-a9c260583765,1
f7d04fae-3cba-4b46-bc5d-0dfd202acd2b,1
8b25c41c-8e22-4335-b181-68e2fe6060b6,1
73d0e9cc-b2d7-486d-8cb0-6f19de3a47a8,1
5ae16d4e-d899-4543-8b9c-27aa0e381e5c,1
f758e4f9-ad29-48a3-ba86-57f9024bbf9e,0
3557f942-8c6b-4caf-8d32-c96ed42f4e6d,0
d55ea23a-bff6-4443-b0a6-6dea416e7ef0,0
1f1c5303-3f8a-491c-aab4-588214de73ae,1
afb0a1a7-8e99-4249-be4c-da42d5e6a790,0
fba2ccac-1de9-45d9-9af0-53861a38b69c,1
9ba59f3d-fac9-44c0-8e67-53dbb17d7091,1
d017225c-ce42-4fb3-b70c-5a3e2d337d1d,0
1dc2b583-1fb2-4ca7-a5cb-7ac2b9303e67,1
23f089bd-28df-4347-908b-1cd2e2572afe,0
a306ad1b-3f3e-4f7f-9dc5-5528bab0bec5,1
89e326db-7759-4099-9764-25ee2800aca2,1
38c0c2bb-5324-4026-b3e1-3829e40010ce,1
ba4934d6-714a-43e4-ab7e-1cb28b737001,1
0541a3d8-1da6-4cf3-8639-084b2f6da8a8,1
7b0d2220-0a61-49fb-a12a-a37b989118d6,1
f2473972-7cc5-45cc-9487-226fc529f3d4,0
0f7b8f58-f14d-4be2-a016-9ca81c8b8c4c,1
42850e78-d7c4-4920-9b5b-b7b0a7ea6f27,0
85b9587a-0ed2-4d2e-a923-190eb481c8f7,0
b90c331d-1404-4cbd-8211-97afa5951992,1
662f56b7-63d2-479e-8b28-f107165aae22,1
255fb21b-56b9-40ba-b5fe-62cb451eecdc,1
c1ae0747-6ee2-4914-9179-2776566be761,1
83cabf8a-3faf-43d3-9154-238b2497f6ab,1
d64e34a9-3d8c-47ef-8fd7-f2ca79db4906,0
76ab74f2-d1fa-4450-aec3-16eba3d59d81,1
82c77efa-617f-4564-9be8-20fa269d7a38,0
12a47750-d77a-4971-a957-3b453b5e7c60,1
5d4f52d0-f3bf-452a-b9e5-308c2ec1323b,1
0526d93f-c770-4eb3-93aa-4ec1b5fc20eb,0
74676859-318b-467d-9c22-5ad840baa266,1
3d760b05-bb32-4484-ac9d-81636c4f0ea6,1
3327de88-4d05-4c09-b3f4-6c1a161a3602,0
5d7466d6-ac74-4e0c-9f41-c8ebf5053c91,0
75299c10-4489-4c8e-bcee-61c497109b32,0
83c72259-d7df-469c-920c-5750c2c346bb,1
e8e1cbfb-020d-40f0-9f2e-a984ba638687,0
25119a75-3766-43b2-877f-c8dd7a85d744,0
9606cdda-526f-440f-910b-b8236020fac2,0
70ea6478-d723-46dd-9e13-5e7e9b674fe5,1
e54335c5-2cd9-49e9-a587-c26c611196b1,1
a71e71df-ffab-4c70-bd9d-2b474cfd020b,0
471cd443-a417-446a-aaf4-9e52f7b76917,1
28ec2231-6a28-4bf1-8b8f-39c5698b0fc2,0
6585094c-caba-4a70-992c-31292126547c,1
65d6fb10-95a3-4689-b195-a8f1a912859d,1
e1a1a44d-079a-4581-8360-55036329dcee,0
0ea96ed8-b5a5-4c95-9148-a2450460abd7,1
938355ed-fa8b-435a-905b-e2f11f4c647d,0
cbcbd1c2-326d-4003-a445-43f32b62e826,0
c03b6668-22fb-47a8-b87b-03a1d64fe8f1,0
1b8c8d62-7f6f-4431-a8bc-7e91572c5845,1
ae2fdd0c-ac4b-4245-a9d0-b9e0c7da1e56,1
114f4a32-4dd9-4ca4-94fd-f6ae102cb6e7,0
e11c945f-a853-4149-9980-59a95ec04c9a,1
53fd906e-4363-42e6-896a-474b5723b443,0
6ef91a49-8f8b-47e7-aec4-0ceea7c6df92,1
243e0f62-780c-4efe-977d-53493be16da3,0
f47a4dea-6b9f-4083-b6bd-8e44c6aa2c97,1
924736be-2dfa-42a1-87eb-aafe89814064,0
5f464c85-b879-4af0-83e7-58b90ec1e97f,0
95c84f38-b831-47e4-acd3-cc60463f5c0a,0
b535f731-e567-4b70-a917-8dbb05c5d4c0,0
e0ed98ec-5eca-45e4-bab1-515b53636286,0
02c722e5-ce80-451f-9a0d-008869d0c926,0
b8ad952f-9736-4103-b0b5-3f656a659dd3,0
bb2093cd-afb3-4aa3-8b97-571e937c2308,1
cd89124a-1d91-4544-9d43-2f80d8d47f02,0
9edee678-7a06-4fbf-a0e7-6c939c2e5d1c,0
d811250a-faf0-4062-b2c2-44323890822e,0
6a079d55-4890-4001-8bb6-1c4098a51bf6,0
f64b5616-ba4d-4f7e-9191-ca15ff848fb1,0
8a3930e4-2fe5-4c31-84ca-db9844f5b713,0
d62c9bdf-dbf5-449e-9019-f56d415a79b5,1
dfd7a845-031e-43d3-9c2d-aaa85938a464,1
ca1dcefb-ba78-4b94-b3c4-2facd07a2ded,1
a92f9a5c-99a3-4fff-ba52-8f1b9df355c1,0
4c384e79-ddc2-4142-bae0-87fe354a325b,1
f29dcad6-ad87-446e-82c4-52d225937e76,0
9323500a-8479-40d6-9d34-6a0e5eea7131,0
867077b4-cdf2-4812-85e2-2b0da178ab9c,1
5982cad7-1686-4f19-bc18-6937b0fa8238,0
767878f8-a544-4c6e-9594-70d1c530c5cd,0
d0a4f03c-51b5-4807-8cc5-4d589d4aaace,1
28342c88-f8f1-4724-a563-b030249734a9,1
5a0e7763-d7b3-4ca3-9d7c-1180861f3d37,1
604b74dd-a3c3-4bc1-92fd-775dbea96b24,1
ae61ab5d-2287-44b7-8cfe-e291deb5655c,1
dfd1742e-0fd0-44e4-ae5c-db0f545309a5,1
0436b436-f173-4a93-9562-5d783f97a5d6,1
7dfaa655-914c-4be2-907f-ab6d17b13b3f,1
5e74233d-bab2-4c4a-af2d-a921c5da6cbe,1
a9e65dc1-0fc9-49bf-9adb-587d507e3457,1
416f99f0-f734-4a3c-b658-2a74e2b8b5b2,1
6da8874d-b6ce-4f2d-bd24-2dc0cd89120c,0
7e994d32-6cdd-460a-909d-8ceebdf3ea0f,0
5fea0c3a-1e44-4408-a6c6-cba5f6f8c019,0
e8b46e60-682a-499d-b548-a8b60e940c43,0
104081af-2a27-4392-9bc8-8c38be292652,0
59e767e3-3cd4-4c76-9e1a-cae30be25ff4,0
742a173c-6cd9-42fc-a565-3a1f94e7456e,0
90ac495e-1368-4977-bc34-97cc6316fb06,0
0a684469-c37a-42ff-b03d-8848bf0ffaf7,0
8dde5979-f47b-41e7-bc49-d6afd9d94f71,0
6963f22d-eacf-4807-9738-a7c7f0fd909a,1
31e6bf70-9ef2-4fbb-bba0-4be626fccda6,1
e2b35b4e-a1e5-4ea9-b67f-9f46175ab452,1
7eb0cf18-102e-43b7-8a2a-ab6d5907e162,1
7cca04ac-6ee2-4779-9ebc-69ad4f433e6b,1
7c4e746c-6d3a-4c63-ad40-0a9c33b202e0,1
27a38543-cdbb-40d5-97e5-41c411244e4e,1
64a66f9e-33bb-4f54-9ec1-fe048cb627e4,1
d7b765b2-96bb-423b-93f5-79c39f91cc54,0
73c27055-c858-46b4-b38c-1b7db1e02d43,1
e170d4c7-2517-4772-97cb-ce319049b9b5,0
8650b954-5973-4bf4-981f-86e65fd27691,0
57442309-f06c-488c-914a-fbcc0e87d155,1
08958d13-3af0-4bf0-87f8-271dcdc41022,1
70dc4690-f611-49ba-8f3e-304d0c950055,0
f8d77877-76ec-43d1-9dac-def91c020c46,0
99c38206-22e8-4319-bc56-f6f9ac19377c,1
7cf75a9c-4ed2-4b1e-8970-f06e7788a9c2,0
c47a3e2e-70aa-4362-b6e5-641e61e934a2,1
6af8d2e7-49df-473e-bbd9-651ff389d956,1
ef897b39-b50a-4b44-9d77-9976e0165d64,1
83e4221b-889a-4f99-a524-526413b0a953,1
81246155-e736-4ed6-9e94-bcfc64d6eb44,0
c11e67ca-3bd7-4bcc-bf8e-fd7b8e8006b6,1
d4309d31-140f-41b1-b908-9750a861de5c,1
5f4b22ea-3a56-4465-ba74-19d355a715b9,0
6097df39-ce7b-46e3-91fc-9a8a06fd83ff,1
9c8f7a06-85cd-4eba-94ef-877ac2f02573,0
2022309e-a746-4f78-a94f-4dbfc3bbaacb,0
24b3c44b-af91-4f0e-8f27-b36a66dd6873,1
c7cf623f-5ba2-4bb0-bbce-e9c8f846ee9f,1
5f332db4-7eb5-4a40-b38d-d78e6b75779f,0
aee45f50-c611-4547-a844-bce281d929a5,1
43a741d0-8af8-43d3-b874-2ba1861c638b,0
73d581a8-ffac-4271-8e16-996b441b9337,1
8142eb54-a84d-4370-a1ea-071fad13368f,1
7803f4b2-06c6-44d3-9675-221181971d4c,0
76b57057-0265-4884-8aa1-cb4f74a1441c,1
6770a9e2-4fa7-4988-a81c-751891bfd107,0
9b5573f8-1c02-461d-af22-1872eece9507,1
0f5585a2-8059-4232-87ac-19d60f4d8dae,1
ae2a6b11-5b41-43d4-a2da-258dfd68feb6,0
7db8dd01-0fe8-468c-8871-889eee03abb4,1
4636d1a7-6b4d-4c65-a19e-b1d62a82b491,0
674c1eab-2092-424c-8240-3d1ec8f9971f,1
8158a9fe-7c16-46bd-acf3-d9b66802b6e4,0
94303e35-862e-4b93-984d-b25b0f366803,0
c8195c80-7a37-49d4-87f1-6f32212004e9,0
49f89f96-5814-4ee6-ab0f-1b4ec3b2460f,0
cca9f9aa-7c1e-4eb7-9749-0d8d761ca85a,1
71357ad5-34f1-437c-a606-f96014ea4cd5,1
d0784a89-5edb-457a-806f-d80671d2c11b,0
36659b37-a91a-4832-9694-7d01acf9cc73,0
ef50fb34-d8c2-4662-a37b-01ddf69a86a9,0
620cd4e8-9421-4214-b1e9-422957d3542d,1
88e469e1-8580-4471-bf54-233d8e4ac9ca,0
abd216c8-c09e-4ff7-9cf0-3473727c484c,0
c5c724ad-e8e6-4883-8f62-915a89f1032f,0
2da772e4-f43d-4f63-856b-722660a8dc4c,0
fa8ec5ac-8870-43df-bcc1-85347a696ee7,1
ef7ea859-1b14-4554-acbd-282b7931f5b2,0
d6ba4c3e-3007-4e69-88c6-d8ca0a779252,0
43b7b6a0-5715-4df3-87dc-506c279f10b3,0
dd145472-d57a-488c-99ff-8d83b5a41bc4,1
7401024a-457b-43cd-be2c-f4040a2d7d46,1
92aa6289-cc9a-42aa-9617-5fbb092a8189,1
11a69b4c-4d25-4339-898e-cff53680849a,0
30964246-f6ce-4e9f-9f0d-28dfbd2910a9,1
a84809ff-fb6d-45fd-9a5a-02eadbc6d91b,1
4be6b15b-1514-4fab-92aa-75996dfdbe90,0
93663ac0-7244-4448-974d-5907267164ed,1
032e58a8-5551-4a95-833d-bca093a7485f,1
8a0c843f-c940-418f-be1a-fa4b2bced3d7,1
50b5b2c2-2a16-44d8-a274-306c0df7ab5d,1
f39b689a-9b2e-40f4-aca4-651cf7fc5dcd,1
401ed59d-f488-483a-a44f-23c17a228455,0
abc68a63-63b6-4610-a191-52da5c886f7b,1
4ab7853a-75a7-4224-9c47-771d1b6be54f,1
f19ac8cd-831b-483f-b713-01172d01d771,0
846079b6-f4d5-4fe5-b9d8-055c54868028,0
0c352762-83cb-4d51-aeee-322fabd1d4b5,1
ac03e9ef-9a51-492e-a78e-7d69b7ee5a2b,1
e2c25377-6680-433d-974f-f9b3951f9384,1
1c258ea1-b218-4357-9463-de5450bad460,0
805adb07-ae5d-492a-afae-123db9cb6b28,0
97ac2d29-3e59-4057-9927-46d657b1e8e4,1
c44a644e-67b0-4750-88ee-5df3a20772be,0
a80a008c-1924-4326-89b1-b880b2e506fb,0
f4d6ee07-ca83-44dc-bfd7-25ed7dcf3057,1
d469f70b-6ce7-44fb-b0a5-aba8dceb31b6,0
4ff9aa02-d626-4dee-bef6-10e5eefa89ba,0
387c6515-eda4-41d0-b527-abea08628a50,0
b127f9d7-4c69-4e9c-82ba-0c931e4b8c0d,1
acef2044-0998-4cf0-a8d8-3a3ba42289ca,1
7807e23a-ee89-4566-b5ee-549ff0c431e5,0
a8cadac9-3366-4f3e-b28a-452a47355713,0
7f0fb37f-7cca-414e-bd04-46c3f455f0fb,0
929481c6-ec32-4639-ab39-5e2d1320c86d,0
f3a97c97-7a5a-4051-98a5-2d7efd9081d0,0
37daf1ca-46a1-45a6-9aaa-2ae7fab3ae00,1
e6fabb78-5850-4e6d-abd5-faacc2f0d635,1
595cea86-ee79-4313-a19b-cb92b8520188,1
dee21ef7-114f-47dc-8901-9a54d313ba2e,0
9508c827-dd91-4181-9de2-989bf1880062,1
320aa93c-bbfb-46a7-a833-1aa827541b9f,0
dd6affc4-36f2-4bc9-8a57-404b97049e7a,1
4eb989b6-d222-4734-bfa1-afbdea27515e,1
8b6ea41a-a39d-4bff-82d9-6520e3cdb5b4,1
a2404bd3-2fc7-4276-b327-67e47e128f85,0
1046db31-3d0f-420a-99fb-241c81689875,1
8304a672-b0e9-42b3-8de1-ccd6492c2c15,1
801dac0f-7028-4a6c-a5e2-8de77b90a44e,0
f42b8168-129c-41c1-af52-c969e4e3e258,1
a3f63163-5354-4c80-8297-30e228fce868,1
213d98dd-73b6-443c-8688-3b8204578bb2,1
a0e1623d-3189-40b5-98ee-619094ede5b7,1
ec193a36-0450-4500-8327-c6e613ba4b96,1
63a0185a-4d0e-4421-bed6-2585c409e4e4,0
1ab4b252-5ab5-458c-aa9b-08e6e2e665fd,1
0b26bca6-815a-4ecf-8cbc-64936a1a2edc,0
d4f7597a-2ffa-4978-9b16-c2d52fda2530,0
042a3e96-14b5-4629-b20a-6d4f78b4b2a3,0
5258e0d2-7235-4c6f-bb06-099727cc52f2,0
11db5b56-5feb-4a25-9c81-10105eaac868,0
412d1c27-df5c-40f2-ba47-9863fa3595ee,1
3db2717e-25d0-4688-ae53-6e9cb7fc47b5,1
7d0d385d-709f-4e1d-aad8-db70e1d4b8b5,1
6078c54b-ad8a-4d5b-96e6-e77dce2e764b,0
94552913-9973-416b-ba10-e41ed4e23cfa,1
d398bf21-5ea6-4650-9178-063674d9c96f,0
aa558f24-bca8-4b89-b5b6-4c178e749c8d,0
3c7a5090-0340-44e3-a831-fb8d076effc1,1
d1dfd2e6-d298-4f47-b01c-483e2fb7fd8a,1
e4d3aae4-c7f8-4583-968c-f676a81ce482,1
72b26258-d837-4451-8ca6-dd0168e22272,0
e00b4daa-5495-4ff0-b9f1-70d1b06174a9,0
d6b46d0f-45fa-4ffe-8317-fbb804e38948,0
096b422e-25b4-4ec1-8c47-93dce93bc1bb,0
e4c90f88-17f8-4687-a927-18ab5980c2fe,0
505bfd7b-676f-4348-9e68-523c8c1b2a11,1
bde7b290-1cb7-40c9-be01-60b818a04fab,0
3fb3a918-63bb-43da-8080-b7a4fb0b3a0b,1
0c0d2918-bf85-49f0-a70d-87f91725cbd4,1
7d8a3890-fa23-4b52-93c8-be757498e387,1
8123cbf1-2bbe-4b14-ad7b-c4e10da5cd5d,0
ce7787b1-c6c8-4149-8877-3090570c6c99,0
fa7fe39c-2945-44bf-bd53-79ed10000b2f,1
2b1b7cc8-f1e0-4b20-b104-24e4f7493aac,0
13ad16fd-27b7-4e9c-a43e-f61284dd687c,1
08c0046d-eb9d-4977-a8d2-7e35dab1227a,1
a1fc2cea-5abd-4512-92f9-fe01e48e3c90,0
00f3518d-a426-422a-a396-1465384b9cff,1
04b0c166-0b60-417e-af5f-b2462a2ae09b,0
7567091c-1229-4562-957c-4b6c043efc2a,0
0e542fc0-2a3f-4a0e-a9a6-6b3b226a2456,0
806225ea-5191-488f-856d-e533a75cd8a5,1
41113dd2-8769-4ef1-aafb-a9df7d483556,0
ebb3535a-0990-4712-a134-fbddf6ac6b76,0
0f7db660-d9ca-403c-acb0-07eec03e0068,1
8fc510a2-7444-4088-834b-4dd4bec23d66,0
e5dc36ea-8c13-4a5b-a5ce-cf0c3b15399e,0
d76e3a73-3e89-4c8e-83c4-c004b77ae8db,1
d583f841-6684-4e3e-9470-28dc52823ac8,0
ea8f1f28-ef96-48a1-b38b-a7b5670bc0ac,0
9f8f3e6c-f047-42a3-9138-1b8ade2437fa,1
69037527-ae6b-4d0d-9669-69d7efe82957,1
79dde0cc-8724-4f79-80f9-d230a3381362,0
26a76e83-de52-47f3-b7b9-34cc189e5fdc,0
769662fd-de5a-49a1-8ee0-f4713086af4e,1
168e36d7-7bb9-407d-b77b-ed661e1e3c99,0
ad04e7df-bcae-48f8-b6f4-a0aabb805962,1
fd58d40d-c1c4-4005-b207-2a45b6e311f2,1
105e9cdf-aef9-4bfb-8084-7f108597b0f5,0
284c3c8f-49ed-4328-bc03-62ee484d8872,0
21a8b9e8-e7d9-4729-b181-e24279141a7d,0
b26bf2b4-0c0f-4c70-bac4-9e24cd315678,1
01c37250-8658-42bb-8faf-3cb771580f1d,0
b1349927-45b2-4873-9b17-7008c6361c04,0
bcd9795e-b99e-4694-9a58-5b99937cefce,0
21659cd1-3876-4756-a2ef-45628a6cf181,0
b2616900-f9f9-4904-8205-ff1cb367bd8a,1
91c697a9-49c4-41ec-b340-3cf65350f56e,0
0227ffac-70c0-415c-a6bb-6125e929d28f,0
511a1214-0a99-40c2-930e-51a11f1b0611,1
e283a4d3-27a5-4b4d-a4ce-7c5c9cb7571f,1
898f6fab-9ccd-40ff-a279-c1e4553e1e1f,0
f35a5027-3677-4d13-95ba-9b3e02ce340e,0
30aadccb-8184-4ba5-b8b0-2c78d68c0d08,0
11240b60-7624-4436-8081-a037c48b975c,0
a9fbe2b7-c0d8-4bca-8d8d-f0c61ccfab9e,1
595a4769-3171-491d-994e-12702160aef0,0
e1edecde-e7d4-4101-9c0f-21a7e1af1530,0
655e8342-ee99-4a9d-81c1-a3412be30efa,0
443f14a7-dfd3-4f67-8667-e8dfca3817fb,0
aa77468d-aca0-4255-9f59-e6b375e2a6bf,1
2700858c-9a07-4c90-a98b-ba14df191959,1
1837365c-0a43-4ae2-aa05-eee4e29d4ea4,0
65c89969-5bdd-4a3e-b2c6-1fe0d1bd3e5f,1
28a712fe-7e52-4b43-9275-5535f41399af,1
f69e9184-4e10-49af-bba4-73a21977321f,1
384cf558-f13e-4486-8547-8c1a5e8155e1,1
d8940a7d-55ce-4b41-b324-b727fc41d07f,0
165514cd-9bd1-4dfb-8a1d-91e512517719,0
711aa69d-999b-4e8c-8ccb-7ca9ff141632,0
64618cfc-9538-47ab-9fb7-d8354a735cd7,1
f3237fa1-0505-4e36-ae80-07f81c705761,0
fc766acf-3b10-41fb-aba3-5fab8a6ccee2,0
78161c71-35d8-4c1e-97c5-5efab580153e,1
2e17e99d-e670-47e7-81ce-d65d9dbaf7a7,1
c2f6fab8-5ea8-4d7d-8d39-95d09b7ee2c2,0
776103d7-8635-4f2d-8f81-cf99b3387ac2,0
0b347415-8fb7-4176-b8aa-b4bb8b031c26,1
aaae7a2c-5226-4893-afd1-47ae2f71e162,0
8335f39c-88d3-4cac-8930-13b2a3113010,1
ec03730c-6446-455e-9941-103a509bf393,0
46a1571c-8a32-43ac-ac7f-bdd26c26be74,0
6d444cc5-e818-494d-a025-bd7f46aab33e,0
d51bfca6-5b2d-4205-b25d-a741ae47c751,1
8400eda1-bfaf-4e39-808e-b4b965a9cd52,0
df5c693e-0f9e-4fbf-9681-b81053e10bd0,0
43112400-122a-415f-a9fe-801a4801ec60,1
44cc5beb-6e04-47f6-94b0-58de9514eaca,0
16ac5011-bf28-4cf5-888f-e220befa938d,1
2ba4e302-c833-457d-b4a3-e13f2ab510ad,0
6f704e93-ff9d-46bb-9624-e3af7ef9f65d,0
34fd5030-f161-4ff9-8b58-feaefe11e1e3,1
ec4a5116-7fb9-4a82-aa29-a7ea60758bea,1
88c115b7-ec57-46a8-afec-6c342f624c7a,1
7f61b6e3-ad13-4c9f-90ef-ea2cfab81cc2,1
12d13efb-2728-4a88-ab89-ee7cf59a4567,0
4a394cd6-6b90-4fc2-a8ab-a19426626226,0
dede26cb-5639-4baf-b060-bb60eadde46f,1
00d4b455-b12f-48a4-9081-2fa044c2acf0,1
38339354-7d54-4c28-9d56-9778e55a4315,1
047fe8ef-a224-4a04-bb77-68ca5adfbe29,1
336eecbb-eddd-407d-b4f7-14f0f2888571,0
41a633f2-b3c8-41ff-9bc2-f6eab148dae9,1
7850a7f8-79bb-4bb6-849a-ff879aad97f7,1
6aefe505-08da-4d61-aaa8-6cd336f92098,1
b03ee972-9358-4877-af0f-8f09c381c3a6,1
482ad418-6ddc-44ef-a867-5c243ea6d14c,0
575aa9bb-2173-46d1-b848-c3e03b1b055e,0
1e2004a1-6073-4acd-ac05-d4c4bd772e9c,0
f0718c2d-3603-494e-89de-93c373916dec,1
1830448e-52ec-4fb2-bb8a-ea4b20c776b5,0
99d0c46b-5241-4abb-adfa-388801b45530,1
9646b25e-c097-4ae4-9881-21d12880b9e8,0
0eda47ec-e0c2-4334-8264-c5f38f5dab06,1
511bcc3d-2917-4d25-9f68-949bda271456,1
6bf57133-a6a7-4185-ab2a-daf007ee00fd,1
4c649134-480b-4553-a3b3-d4aeeba88e94,0
d42a0290-8a49-4c72-8169-a76d5e6b7213,0
d79729fe-41d5-473e-8503-4ca1dc908411,1
ffe224b9-f73b-4c5e-9e53-114617dca89b,0
7a1922d7-4de2-4cd2-840c-c00bc6672550,0
01c5fd45-9b63-42c9-8b2a-8498e52e24d8,1
41fc071a-2a14-4d39-84fe-a8e0206bd308,1
5befb82b-218d-4489-8421-eea80e32d67e,0
5152a6f3-e2a4-4e2b-a10d-bc1d2bf1ae4c,0
226c17b1-b59c-4312-b28d-c47b034a5e7d,1
8b5fc345-6814-41eb-842b-2720c36d682d,0
bacfdfe5-21eb-4a7c-b9c3-da249cc96212,1
45105645-f467-4bb7-9d39-dd20f31c1c64,1
a25baea2-141f-44b8-b1cf-21e2029a3c50,0
aa21b212-873e-43cb-a819-28a8e52a74d0,0
f56c7dde-b352-4f0f-94e3-3397b8fd724c,1
0d956caa-48c7-4f54-a363-629dbb62f267,0
af792e88-54ef-4919-84a8-ec0c3298ae2e,0
b9829281-77e9-4a47-a782-f50513b7a26e,0
7ff2e869-99fc-45d4-af36-99caa129525b,1
599279b3-b368-43ba-be72-82c3341688a3,1
0c4e3eae-e309-4a3e-a27e-ac5343a1df4c,1
2d7032e6-9bde-4618-88d2-36d62cdcacf0,0
ac92c14e-b244-460f-a85b-1f9d17ab0c51,0
15bf6440-adf8-456d-92fe-c5d10142e4f8,1
38e1e486-9bc8-4b91-89f1-ecea3c418657,1
97619e89-3d64-491e-843c-4b5c12b61a0a,0
7b8b7fa8-975f-48bd-95b8-d062d76afa1f,0
f4baad94-9e86-4325-aeba-acb6e4fb1431,0
a20c34e8-caf3-4f7d-b7fd-7e26d3b5f30e,0
157d9cbd-49aa-425a-b8dc-d806a61607a3,1
2f342338-b950-4e1e-b5d6-f083939aaf39,1
5ef36e1a-64b8-4606-b923-63232eae5249,0
b7261438-7193-4273-a2f6-88a47d24e6fc,1
0fd609b3-2cf2-4f4e-be67-cacf2b9adec1,0
0a7b26a5-507d-48e0-8bb0-8d7ef63567fd,1
8b645a43-3e9a-4424-94bd-e1660453ee82,0
c2fc9288-04d9-48a3-8af4-026af34a01aa,1
5c638614-27ab-4eba-8018-e3f25dd9bd2c,0
6cb296d8-5613-40f4-a816-d5d205138b0b,1
14db4ee8-f40c-46e0-a76e-b846428ce2ff,0
e3c26488-50f2-4cf0-811c-4ea1d8d7e020,1
1bf494fb-cea4-4867-865d-df6cfb309bdd,0
923d4047-8409-417e-9f22-340bb39890b7,0
150d3f94-d10d-41a3-8ea3-f683df9efedf,0
d06f2b0e-3cd7-42bd-bce5-4d06e439839b,0
bd9496db-f80d-4fc0-b93c-8a5199142ef3,0
f4de66bc-9910-42a0-8d97-041eb663920a,0
a8b3ac83-ec9c-4b7b-9169-d08ce1ec5802,0
e7ab9bd3-f4cc-40ed-9dc1-1ca9c897582e,1
d53a4137-d483-48d5-aeaf-e513ce4c9093,0
0f493bed-ff4c-43b2-9e0c-f96f1f241f4e,0
0ac02bb7-b536-4289-bac6-e2964f7f157b,1
9d811269-3902-45bc-8a56-e619f20355e3,0
84ae1f76-a075-40fa-9d41-e2949d653325,1
56d3a873-6340-43dc-a32d-5e920eacb80a,0
297e8ea1-3160-4b2f-b818-92e7ab334318,1
c32c742e-0614-4b9d-985c-3bf60b4eac35,0
35627287-f7de-494d-b65f-96b53ad7fcae,0
17add1bf-7b32-4156-ba97-6a674ac98c9a,0
a6beba67-76b6-4949-9dd9-43c8fbbf94b7,0
b42ba58e-74a7-4395-b4bf-80f6bec300fd,0
188f7481-979d-42a0-bcd2-692774512325,1
b792e482-a2cd-409a-beb3-7c735a1f1591,1
aadbcd3b-6381-4a2b-935b-9bdb0e46ac2e,0
a9d7c821-7629-4d8d-bdcc-b84f9b5b261e,1
df9eb6fd-8f3d-49ad-9ada-8d689a888c21,1
97976326-a9b3-45c6-8ddf-f65f70d6c425,1
d780c90f-5b9a-4a21-a7de-5e015ad64961,0
00283151-fc4d-4a50-bd3f-bace020a7fb5,1
58b8bfcc-1ec6-4f00-a2df-4198e18c7988,1
ff946269-0f4c-4ce4-a91a-f24408cc6629,0
285111ce-7f69-45dd-9f94-c4c586e858c2,0
040d2f8b-55ab-41a6-806c-9ffb07da9b74,1
c8add22f-4f7d-4c52-b050-17c797d3c230,0
60607a79-354d-49d3-a310-80f228e47240,0
608d1fc6-461c-43d0-813a-1e3d4e6c68dd,1
cec37e1e-ab09-4a81-9e71-a85e45d43ec7,0
860eb223-8991-4cdc-9112-b6c920c43243,0
85003608-cc8e-4ee7-b0b0-35a7477df2fc,0
3c90defd-8fe0-4ee9-8e72-037d4116a314,0
c9218334-b6f5-45d8-969f-74ea20c9bde5,0
9ef9522c-8ea4-4b56-95ee-44548943436c,1
2e919d75-b897-4c57-be4f-8763bbe96dba,1
92465bbc-280b-4314-930f-7ade0ce92d58,1
94b4d65e-43d3-4609-bcd3-41aad101171b,1
c2258398-5c8e-44c0-b4f3-1271f2f7ab11,0
9f55a8a8-5117-48b0-9c46-9ff258c470c1,0
b6637eba-4ec2-4743-9af3-c8a7a0537f3c,1
5f84e110-5c12-43f6-88a5-c4ff7d7e10d2,0
319a2699-1423-4b55-b1d2-355315f1ba3a,0
d1d49e27-3a2e-4a7f-a0f9-4ab8d6a5794b,1
073e6e8b-0230-4117-ba3a-e6db470d7eec,0
1a3db599-90ef-4280-9080-4d4138f79e2d,1
dc53720a-d8f7-4cba-84ae-3acad3fda6ed,0
87677997-64bd-4112-b471-8d80b55a0dd0,1
94f922c5-2947-45bb-b029-7b806f715acc,1
588aacff-982e-4785-bd82-fd6c39b2ff7a,1
76e7469c-d0e5-4038-9f1d-5d554a513332,0
17fd0593-bbdd-489e-b2a3-c4a15a3fcdbf,1
45c37717-09b0-4536-819f-6dcbfc083c2f,0
0d76a693-f516-41e2-9c4d-84605105d6a2,1
83fa3be3-4b9d-4827-a3aa-cd48d49fdce3,1
ebc6842c-61aa-4901-adad-1bd2bd621c23,1
d89ff301-d7d4-4465-bacd-a0260d124655,0
d4c76fa0-832d-4f47-9c19-dc053bcf7666,0
bc0ffbce-1e01-4340-8880-dd5ea5629b1f,0
319c4405-576c-45e8-9a2f-1ae24a9b7b2d,0
317e7184-6e09-4c5a-aa4c-9a65f50eb97f,1
a30a363b-0727-4303-9461-02b2d890a193,1
2e50284d-e9a0-40fb-9036-dfa2552d04f8,0
43fedb0c-2fb3-4376-91cb-33527e858ad7,0
db2e951a-63e6-4734-95c7-03c8ce538be4,1
8d51167c-ab4c-4cb1-824c-6cb63fb4a845,1
b9a77fd5-294a-42ad-aa06-fdac25e789fb,1
fe1ab0bf-5f8a-4d57-9d2e-97e8d1d11f7e,0
d73ef78b-78b9-4f11-bfc9-883486c9d577,1
97159974-cd31-41d9-9c54-7b2ec7476c6b,0
c0522b89-7fe0-40b1-bda4-4d8ac0630f30,0
f4e2b982-fa43-4fdf-aa35-1509d510946e,0
b79a86de-6536-4862-ad75-1560cb90ae10,0
22fffc83-5463-408c-a3e2-15ea15d88c57,1
996237ad-a9f7-42dd-ac49-058065e17cfc,1
be33a69c-05a3-440d-9bb0-1231c32d35cd,0
db7d69f4-e66d-4963-a03e-257b488e3b11,0
9753db30-61c1-4ec0-8917-3c6e26e73511,0
f36d4d54-8830-4e4d-89b4-724056f4aff2,0
028f24fa-543b-4449-b2bf-f25a09779411,1
94a74ac9-2474-45a0-9514-813475e704ae,0
d3a16299-ed2a-45da-a967-83b55a4146b0,1
439fd9c5-d801-44a3-a68e-0111b34b0357,0
62e48639-7b4f-471a-b824-5d87ab8365ce,0
5ec3d54f-8869-4719-a2f2-77a726e65f53,0
2fa28b56-000b-43b3-8bd2-f70ead45d76c,1
155aaa5e-8c14-4ba7-95e3-edd6d7683037,0
3c90521d-f8c2-477e-a6ea-01a3b983e873,0
c987faaf-9a05-4e20-8ef3-4043bd69818e,1
0774319a-73cb-472a-ab92-2f33a8435505,1
00367955-626a-488a-9d02-acaa434888ee,0
903cfb37-be0a-4ee8-ab86-63ddc758c930,0
d5bed0a6-0f06-4cab-b10b-509cf0ca3f8b,0
78ec2d42-fa52-48b6-9bd9-bb5ce13da5d2,1
dd720286-f570-45a9-abc4-136585a41ff9,0
2920e647-a1d0-4ae4-ac49-eab87fda8ae0,1
708d6254-8d94-4220-9520-f07083008afa,0
0d0978de-8dea-4951-8797-85c1ecd7551b,0
280bae4f-8969-404a-9291-d97d7bcfd279,1
08c4de3f-4438-4dd7-8f2b-55df55deb54a,1
9a49375f-7b95-4351-af58-2b7263759d90,1
4552fc8e-a2e6-47ab-af51-bd3dc52805bb,0
bac36ece-c9c4-4366-945d-f0399a156f13,0
b9decb20-b846-4e5b-8b71-ada71547278f,0
7419bbcf-75f8-40b5-a406-77d1e777a50d,0
6f01a974-9023-472d-9e9c-985d439ea3f8,0
70fff3a6-60cb-4316-b77e-4d47bd3db310,1
e364d0f6-d7ce-44c3-8a12-45c53e523c6b,0
c147250e-ac00-4749-9c6f-3fb4dd39fd75,0
2fd69ef9-e183-4962-98ee-90d4ed2f086f,0
3e2e9a5f-8b4d-4c3c-9554-fec1270e519a,0
31df060a-a3f1-43a5-a053-e3b7a897225c,1
a01b0c08-8660-4554-b58a-b702322fcd9b,1
118b2c76-3ea4-4771-98f1-76a3a06bd953,0
7c2fd5b4-d887-4c0f-8ee2-daa223f4acc8,0
e438ca52-b41a-44c5-a904-345a1b6a514c,0
b278e789-6dc6-4322-a2f2-6d4c8c73f128,0
305f239b-c388-45ab-9578-abc3f2b3421a,0
88570eff-640d-4f2f-ac25-32b299098ee5,0
4233cdff-8265-4ddb-8386-c2944dc8e166,0
b5b29026-6585-4f0a-b68d-a0678eb14fe1,1
d330c93c-d823-4cfa-8a80-ec7e9d9b4bca,1
b05aca91-7e11-4193-aed1-723b157ceca3,1
2af9a5ba-7a10-4563-bfbb-004056ae3d9f,1
5dc77926-19cd-4fb9-bff1-fbf3f56a0d34,1
c073a5b7-0d62-46d1-a3da-ae606b4f0f53,0
b13162b7-ed40-4941-99df-c612ed2da133,1
4723c239-ab7f-4467-aafb-c7dac36751cd,1
11dc5036-e6d1-401d-8eb1-aa35cc464a1a,1
aecc79e4-1155-4fd5-b6a2-493bdc4fd0ad,1
3868579c-3dc9-4878-8e3d-b388f83d2a5d,1
d3a70590-7ef2-4b0c-b7e2-59c21226741e,0
0a63abef-aaba-40cc-ada2-7840482de4e7,1
9d88e68c-fe5f-4fba-aa03-fa1e5c3e20c5,0
914be7c7-3df5-4ec5-838c-4196874dc955,1
04e9a3dd-a19d-4912-b13c-df976d57f765,1
a0a8e24c-bec8-4fdc-89e9-1498fefd3687,1
fea32814-e2c6-42cc-9633-4a648437a548,0
7f540e28-a858-4d55-be22-23ed55228892,0
04d116f2-ac32-4c54-b017-aeebee738906,1
9e68c352-da86-451a-858d-6cd09c74223a,1
ce8e43b1-0eae-4be0-9953-cc502ef571a8,0
df19a424-4454-47bb-8dc7-be7566981864,0
f77ecda7-46d8-43ee-a45a-f4203fd26cd7,0
b022fede-b2ab-453a-9408-934842658666,0
ae4c91f7-15b1-497e-8c60-d6fd74f718ec,0
bc68d096-e893-4b20-85d8-f1d578366e0f,0
e570970b-2d83-4599-801e-4e1b4f5e2ad0,1
69a2e1d4-42fc-4e20-8880-d48f1fd52ed6,1
82005775-6727-4f14-bfee-180d96a159b9,0
bda14497-2862-4d05-aa4a-6de112760320,1
f9827228-8d16-42ea-9938-e275624b207d,1
571c4a8d-00c1-45a9-a259-1fc76dfd118f,0
68a70733-b44d-4f0b-b91e-8186e7ba8307,1
3f272199-b449-4fc3-8d21-ef717f43b895,0
f05fa860-f9ae-4a68-be22-3fbb694e6fa1,1
46a63aa1-51b0-4616-9795-3131bef7f7d5,0
057e1577-186a-48b4-b887-08f4fb10e34b,0
b895c68f-2844-4856-93bf-d742842db287,0
b5ce23bb-9f6e-4650-84d4-709b785f2c3e,0
ec7183c5-8267-4570-bf56-942d83ae8160,0
43d175a4-5099-4f5c-bc40-a0d8b28adfc6,0
6c349503-e330-480d-ba6d-0ed042d6e2ce,0
e687cab6-9a47-4c8b-86a7-97b2c7111d10,0
14cb1c6a-2116-44d1-b922-c4ac5cc16458,1
76cbf0fc-76f8-4172-bd25-2ab9c5f18432,0
9c2113eb-27eb-4158-a336-0fd200f201f9,0
03917c3e-83b2-4869-845e-327984d3e60d,1
d4e4a910-db9c-4f0e-ad24-4e51acb70ff5,1
ed381402-5691-4fd6-a7eb-386d3a0a8b0a,0
4a495819-92a1-4aa5-9793-1b4f31d05bfb,1
1788a54c-36e5-428d-b9a4-89c50caeef8a,1
9e6183b1-3797-4746-b4b8-77bb9e588ee4,1
62b78a78-ff86-4c2f-ae67-be6f59437cb7,0
a596dab8-25f6-4e58-a075-f63d57eece64,1
9877e5a5-f836-4d51-9ec2-eec7e7b8b48e,1
75ac4f60-1c3a-4b3d-9949-da8f6bab4a92,1
e97a9bf0-bd37-4b70-8c5a-387cc0fb0c36,1
15f2beb3-dc33-4bb0-bf91-26d22daaf586,0
d2ced084-8745-46b3-a336-30a242608b2c,0
ebe0ee3b-327b-4602-b241-8267765c49f1,0
fed4450c-5002-469e-87c0-db38594e2beb,0
72dab2d8-b772-4e4a-bf7f-e8952c437151,0
d81fec72-d14d-4f41-84cf-31c538a6b2d3,0
b74a5518-b65d-4408-80b6-918f9239d612,1
65e6dcba-c300-4ef2-afe5-130c8adf674e,1
77cb1135-8141-4a96-82c0-d7315603f342,1
bfe962df-11af-4a4f-a4e4-10ebf5902657,0
b9721c90-7912-481c-9c5c-adb715d88692,0
d0bbfff0-6df8-405b-9152-76736608468c,1
e1318e5b-108b-4298-bc56-018d72990623,0
ef110f91-9637-466e-a35d-5459de49640a,0
67111461-6dcf-4db9-b24c-bbb4fed8f01c,0
f0e6cc7e-d455-46a5-b874-7ac7fc269519,0
ab70747c-75f7-4b11-a184-30b03ed1981f,0
cd91acae-8902-452b-8070-f0b1844ffee9,1
135a6f78-bdd1-4bc6-a1f3-c39889a1af14,1
092e4c6e-d943-41b9-a988-68d223507868,0
f1969dec-e853-4a09-b809-77e6fd1d4dd1,0
83741b1b-c7cc-4da5-baaa-ed58141ae432,0
471d6797-af18-4f9f-a102-ce87fa387d5c,1
c19f45be-0286-4c99-9856-1438a4de7fea,1
2725faa4-321c-40e9-9267-4c48b01ac553,1
06b6c341-98e0-4e02-8ea6-b7b48217626a,0
ee050542-597a-4b60-bcfa-58fbbfa98ed3,0
a4435780-94c6-4a97-bf66-c3b0156b3ddf,0
30103f0f-9c23-4dac-b035-bb781bd51b1e,1
36c1e4db-2ed2-4946-a8c2-1ff9ed781a36,0
96960dcb-ffbc-4833-b20a-ab0d5a31a307,1
a300e0ee-6e57-45d9-b104-767e02ff9a86,0
1f8bb4f0-b48a-4475-ae75-a2334f4aad39,1
3504b1c5-92a3-4b8b-a6a9-d0799b4e80f2,0
57201966-62bf-4e47-aef1-a54ac6e5de09,1
f9f961ad-6890-4a37-983a-8c6355c98b3c,1
e52dcbb7-99c1-4215-b728-7d3f5ff20c49,0
2beb48dd-df03-487b-995e-651f70eca03a,0
86a0b5f3-0aef-494f-9307-fe96b647d4b9,0
2fe23da2-c3c8-4a29-a596-b291f9f128bc,0
6186fe97-ccf1-47b3-83df-150a55773574,0
612831e6-ccb0-46b0-a29e-0c7c7acb82ee,0
c222665f-9ea1-43f3-a493-cd340cb15d5e,0
86a6f535-5269-47a2-8e9b-986e53905584,0
17fcb677-b798-46a2-aa67-822a77d06723,1
4eb83b98-bb3e-42ff-8141-fe76d5891ed0,0
bb8cd087-bfd5-44fc-acb4-1c1ba287271b,0
e50cfef7-01d3-4dcf-b007-6ddc936f616a,1
dfdb1b29-ebc9-4971-8f33-3fc01786dedc,1
c96eb781-868c-403f-b18d-9c7f9dd5223d,0
c80f7083-20b4-4064-973a-0d0b299a6c8a,1
6e72ffb7-a038-43d3-ad54-00ff1f3e5523,0
d64dcd05-57cd-4e3c-b50d-21717bf3dde9,0
2d0e68f1-394c-4371-aa7e-8890ec69fee6,0
996c3907-7d97-470a-a205-07a5c42134d9,0
6789e3b2-b8b9-431a-a49b-c1ec5209596e,1
f810b525-a7d0-4bf5-b208-3189c451e0a1,0
d391ed33-96ae-4ed3-85ce-5dbe7b40cf0e,0
28abd030-605e-42f1-b105-c16cfce0f7e8,1
9cbf0068-6051-456f-9206-8e7c5a73ebce,1
d8418482-dc17-4dd0-a8d8-86956f80b49e,1
d5b2c830-8e55-4560-8ee2-5fa40694d0c6,0
2faafe98-78f2-49b9-9f2d-a0d25f02c4fd,1
704ee215-480b-4e2b-9dfd-9420c4ffe330,0
990d82ed-fe0d-4d21-96cc-e4063df4e985,0
c09f3b3d-6614-45a7-9557-287a62663374,1
f9648dc0-c08b-4132-b4a6-d0aee7f20249,1
9407bb7e-ffed-4fb4-965e-b578ae06d9b0,1
71e92950-1a65-4fdb-8e38-cb0be214ea81,1
71192874-4822-4ee8-b16f-b8aa1fcfe253,0
9bec4738-4db1-4974-8e3a-4859b7e90219,1
721848f8-d765-4197-9dbf-2c984e994aaf,1
64a6ef11-33d9-481f-b1dc-ade014c68f0c,0
f844ff09-e541-45a1-a5a5-4acee0bde58f,1
1bc07749-b859-403a-839c-4f480c864300,0
70f4002f-7833-440e-a76b-53af26b54dd2,0
afe9ebc1-1b6d-46e3-a6a1-e444db5ddf32,0
06d1d69c-ce2b-4ee2-9380-4016608b1c8e,0
ab176518-cb9a-44df-8873-1754928b6903,1
df420596-5666-45bc-8541-7e03e1c0ce03,1
164e6e85-1bd3-40fc-96f0-4508286c834d,1
d98d6a0e-9656-43c8-8cf1-7406e005c2c8,1
e4cf83cd-d3f8-4d7c-b4ff-d082bdd75f96,1
45d09b18-6866-40b4-8b3f-7aea096f4768,1
d72da03e-38ff-4242-89ad-adf78b96064c,1
8eaf4944-ea35-4d76-869f-2dba18bfe9d7,0
80e8d689-6a42-48ff-b458-9f4ff82d9349,1
fabd3fd4-c2eb-4a69-8351-b40eb35fab56,0
2ea52153-c233-4a59-bd38-72eca727ad03,0
bcb97a4b-6b97-4a45-b93a-57054817d7d8,1
a7b17b3d-3785-46e0-a3a3-e5a40ff57397,1
d39c2c4b-ed0e-425f-9c91-cbdeb2c9cf95,1
eaab1f8b-7902-4b08-887e-283ae9225f16,0
317696a7-e6fd-4d75-9ce5-cae1455f5a5e,1
37da9951-1e49-4c0b-b600-96ee23ed90a1,1
82647266-3ac4-40c0-ae6e-bd22f452beb7,1
0c3964e6-a98e-44d8-90d3-0e4226711c67,1
f0c439d0-d9ca-453c-ae2c-23dba0a3224e,0
849b780e-2faf-4667-9324-a3bff6a5bbef,0
f5127889-4125-4e17-8c34-17a51d35628b,1
cdad4f97-66d9-4c40-8507-563c1b6c3076,1
832ff9fa-4b74-4861-8560-6338bd69df22,0
31133d3a-de0e-4de8-b6fd-a74f375fefdf,1
431b5fa8-9dd2-4a52-a91e-3affe35bc835,1
09fef4d7-a76c-4e82-8955-a81579a90292,1
f70ccab9-821e-4b17-b355-8b43f4f2575a,0
ab52eaf6-ae5d-4e77-b7b1-81f0dff510a1,1
88676071-b264-4a97-9c54-c25bd09b2787,0
b5dca930-5da2-4e48-89f4-47e61bf357e5,0
9b741482-6a26-4a9b-b6d6-12b19ad0a7f1,0
dbe44e9f-a9d8-4a8d-bec3-7204ca66ae19,0
965f1dbc-1848-4b83-88aa-e118e7a20ac3,0
0bb43d22-c8c2-403f-82e3-837b896885d0,1
d695ea79-39cd-44d4-851e-5b7d2ccd5d40,0
2749110c-9bee-4133-94c4-c6d08d860193,1
28b4e807-7e0c-4324-8b00-84af997ed124,0
7e9ed879-a105-45da-8877-f65224c07b1d,0
f3593eb2-2bcb-42b7-b86d-a45c419d0d96,0
436088b5-5135-4fd5-958f-39a85ae03e5b,1
9365a701-afd9-483f-896f-1cdeef342634,0
0e8b38c0-dbf4-4f4e-ad0e-8533b909a7e1,0
205d30b8-a1f2-4b03-b6e3-995a7d43ecca,0
7ab0fd81-44a2-450b-be64-bed98aee679b,0
fa5ff4ec-329f-44d6-92ba-f237844af9b0,0
c247112e-551d-4b47-83bc-4150529aa29a,1
3e363c46-37ee-4a41-9814-e338df95b137,0
fe02f256-7785-4774-a148-a216c9c172de,0
20f2b139-ec9c-4908-b277-f925617e582f,0
b1b73837-6d31-4db3-94ad-5100a7bdc6dd,0
cad6477c-fa30-4cab-9eb5-ff4ed0b899be,0
be438542-a84a-45bc-99ed-e7544392ebf5,0
1ac82982-2c42-40e3-a63d-01eb8507500c,1
6f646d14-2ca3-44cd-a321-05b757baef47,1
9373f8c5-6c50-4429-877e-a1a5e06c1b83,1
241f2015-2959-4af2-ae8f-4a113b94ce22,1
2e6b4691-b243-4dd8-9d6d-a56acb4be119,0
b172c6ce-7b69-4926-8c19-9fd51a644c0e,1
9c623801-d6b3-4fbc-94db-66b430ddc622,1
37c71d53-1ff4-4e3a-a213-4f2a33a33ad3,0
5baff296-ece5-4940-8c67-abae74f38312,0
b49a323c-5b8a-49d4-951d-a24a53a52684,0
4ffc3b82-ccd9-4c2c-a1b4-5a91e685a346,1
7f1c7f39-a1e3-47c7-b365-59794a076823,1
49103ca0-f497-402e-8fb3-db8883aa962d,0
4a264d4d-7be5-4147-989d-a2c361059013,1
648b6bc5-3918-4c7f-9265-781bc34b2e32,0
bf6bebc5-f790-482d-89e6-bb6037af75f5,1
78ab0833-dc9a-41c9-aec7-431ca803f15f,1
0d3e1a68-35ea-4cec-8b08-915b2f694a07,0
e6c782a0-e089-487b-a202-c7ef7d9d9af5,1
b8149fda-0c64-4dad-b4b8-81d7955d4a92,0
28f17f17-7aef-4c22-abcd-fdf5f35d4554,1
5db594f9-93b0-4e9f-aea8-f38cd547c43e,1
b2f42396-dbf6-4355-9f97-4ca4b285db9a,1
e1ae43ee-10a8-48c9-ac26-93e23dd2b74b,0
2d4ac286-d81b-41e6-ae64-2150e44a24a8,0
dcc9a455-410e-4a36-990f-293795bde05d,0
9d55946f-d1d7-4694-abae-7109981fb876,1
5362b99f-d21d-48a5-8c4e-74114cec37e9,0
bde45e2d-e820-4fa8-9112-682f39ed474f,0
660d54b7-538d-4bef-b4f1-3fa01e42817c,1
6aa4f84b-949e-44be-ba7a-650753e37812,1
dd765daf-ec88-49ef-903b-1439437d4eba,0
3f158945-6898-407e-99ab-ebbc39f4ee9b,1
4f9ca8ff-6700-4f3a-be5c-02dcc5c3bef9,1
8e6ed97f-b455-46ff-9a96-469439525c17,0
4f6b9728-1fb8-4f9c-ac01-79581b7babde,1
51d765b9-36e3-463e-903c-e38455761b4c,0
ea1805d4-f53b-494c-af20-f46bd57fd3f4,0
6dabf004-5988-402e-ad21-4cf07b33e4ba,0
8ac474c8-c09a-40e8-a585-f82ae413d2fd,1
2ecde7e1-2570-41a9-b509-db3b316ddae2,0
ed8abd87-ebd2-45eb-ab25-338edf381ae9,0
cd62af6f-7913-48f3-a47f-c4e727a7cb1e,0
31f4ddc3-f723-4e58-ac7f-9961a1d1835d,1
562c9f11-07cf-4f41-a655-a9889a920e22,1
00db6607-6c96-42ea-a6ad-c58a3129d7da,1
b83604ef-b86e-4f90-bba0-6f55b49eeb1c,1
ab14388b-a4a7-4ad3-902b-ef1e08f985c6,0
85470013-d46e-403c-af97-832e729e792b,0
f00bf6ff-f834-41ab-9bab-987331922a32,0
3a634a03-ff45-4769-9c02-e12df53cc15b,0
edf9d2e7-55d8-4cf3-b401-0664b898e2e4,1
cd6d66e4-2fe1-4ed4-9431-e84b2220a36f,0
d9464cb8-cdae-4d54-8ff7-cc2a5f7aedf7,0
28ee1551-7e7d-451f-ab35-23817012186d,0
07f8b7da-7f05-4e9e-b3bd-5ac3279e1e97,1
56a567d9-1689-4b00-837b-a4e460ae2b88,0
0c0a9d24-f7b4-4aaa-bbf9-5f61ac69df70,1
c35878fa-1118-4c71-88e2-be692e9c174a,0
77db7a72-e9f0-482d-b0d0-51f32ad05538,1
30d6de71-e50c-42aa-b23e-52612baa7a15,0
17077f22-5ec0-4582-95b1-23b512c8f304,1
a22ea195-7bcf-412a-8f3c-3156bc959568,0
22838b62-4d97-4c4d-abf4-8f655922e5df,1
1c8bb5e5-8646-41f2-b239-70349699c45c,0
55bc9d7a-f5e2-4c32-a32e-58b5ed5016f7,1
f0e27db3-de5a-4f45-903a-3b1b099f8b97,1
7c7dd67c-eec6-480f-b882-ba8f9036739f,1
2f45b1a9-d2f9-43ba-b5ca-a87b964075f8,0
04cd2937-eaee-4661-9281-fa5dd733a262,1
7758b64b-6617-4ccb-84f8-5b7a040e1490,1
1dadd512-0cd3-4770-80e5-67b479e579f5,0
4ef99ae6-6acc-4f08-ad38-ab0ca493f70f,0
1dd9ac4a-94a7-4313-ada1-ed736a191dc5,0
2da1b3d8-5d56-4cb6-851f-941404eaeeed,0
47b3e72a-8e34-4b67-b3d7-7f8ec039bdb8,0
af1adb1e-e2c8-43ce-a4fe-6ef8d0fdbe5b,0
0c078284-e76c-4c44-89b1-f43cb559e6a2,0
2825a83a-f4c1-4e56-a3c2-bd93ceee6e74,0
2c896930-c0fc-4721-b707-0d41b8a99ef7,1
28db9c07-7291-485b-b46a-8d6caaff1ce6,0
e9e21af9-078e-47b6-a696-77f10fa1b172,0
de68c221-4925-472e-a7e9-1b7824af46bc,0
64e4fffb-e209-4b7c-bfbd-f988177f445e,0
767bc12e-2901-438b-8ad0-0daf11fe8e9a,0
10508f32-37a7-4d74-948f-e6b8b8388cba,0
7e7ea6ee-00ac-4ca1-b8a1-2b1741351be8,1
4f16f1f3-f118-4396-8e69-0f199babb956,0
f33fb9ee-4ffb-4a2c-bb6c-276f65f99bbc,1
9aea1dab-bdf8-4e8f-87fa-80ad970ac843,0
8617d0ab-55ba-46a6-b17b-f0f98c4abb7b,1
a708c54d-7c64-4297-a55a-12a942952900,0
fd880543-3e61-4b36-ba00-6570b1bcf4a6,0
ae08a718-b199-4e65-9372-08c5788fff88,0
de263b7b-0f13-4950-848b-317e81ab3d27,0
fe15dc6a-f07c-4861-8a37-9048327a192c,1
5f1321fb-eb8d-4880-ada4-aa1c53dcdec3,0
66369750-b566-451e-ba26-48565d0a45b1,0
7f11e72c-3b0a-453d-b8fa-8c9ea9a4ce89,1
6f2797d0-cb47-468e-bfde-b81ad9e5c394,0
6e543955-76ae-4eaf-835f-c27ed782e0cd,0
a3f964ad-e114-4f65-a68d-ee0e64ed4328,1
0ed0af37-544f-4d6c-9747-86cc6eb96717,1
3089e009-6bf4-4c4a-808d-08b028e762b5,1
06b0ee42-2513-4555-b350-7a82476a1fdc,0
c0d0fa60-fe27-41a6-a050-40e5ad2398cc,1
0f7b1e60-cd51-4a49-bc3f-8358bf174fb5,1
a2b71a52-814a-4c84-a8c0-e505b55e9f1e,1
8b229c75-1bce-454a-8374-bb2b203b6ad4,0
80bbbc01-1448-4fca-91b0-f466123c20df,0
0c29adba-de1e-4c1e-953c-9b555585c5e1,0
2b97099e-667e-4595-b005-adf49a9639e3,0
80781dac-c101-4aa0-b075-bc92342e6c32,1
a27cee9d-1311-4d38-afbd-fe151040ecff,1
8c630aef-efb9-4d6b-a48b-f3c70d7b8a5f,1
706bbcd3-68d9-46af-bb94-10f4c0f29aad,0
34d56d13-9cba-4e35-bbb9-882b3f2f0863,0
01545f92-be3b-4f63-b44f-df737def6953,1
c6880a1c-2760-4b11-a8f9-eeb01d27c2d1,1
9ce4aa70-7562-493f-9bf6-9c2eb0043d62,0
df737b6e-4175-4ae7-b2cd-8b180053251a,1
bc7c0249-124c-4b68-b369-7ab93c5beb99,0
cefdc920-4f58-4368-9ee5-b711e5e10449,1
0be1bae8-d2c9-4038-926f-d3ddaae45b3e,1
16ed3b54-cfe1-4414-9722-75d81e329ab9,1
51b6bb5b-12dd-4242-b007-d859519cf417,1
cb713a24-a7a5-4146-a5f3-dad25f0ade34,1
376b261a-3cb5-4b06-af88-afe6a41c064a,0
d1a6fe2a-54d7-4ad3-a8ca-0d1ab4ebc42a,1
7440e2ea-4c4a-4b35-8281-ee1c788df77f,1
ecec5188-6405-49b8-b06c-8f49878ea9f1,0
b4fb3823-962a-4a9c-a5c6-80bbc349f309,1
ae8eb67f-8bb7-47ec-a401-af48ab7b5fb5,0
be554366-4725-4bfe-b492-a6ac3e8a3f69,0
b0270a63-e215-4c4f-b976-97255a276ca1,1
c03dff52-549b-44eb-91ec-0883eb918510,0
7c28b39b-943d-4446-a2da-cf3b1ef31e25,0
b1327bd8-a828-48d4-a2ca-18aee18ab3c7,1
7c9e6c73-e5ee-49cd-8c4b-4d20f746f08c,0
d0ae5ae6-460f-4377-9bd7-f890be4b8c17,1
2910e226-f82e-4c5b-b24a-e338250dc863,0
412f87a7-b1c8-44e2-bae8-72d086f713d8,0
5db52e04-440e-40f4-9d58-73720889ae6f,1
a97c00e3-e57e-488f-92eb-8637e8a4bdab,0
efffdcba-a86e-49a2-9ec7-13235a4c52e8,1
45d37b87-f647-4a06-8222-ddabf2f40119,0
e2ded1d6-20ab-47dd-b58e-0ec160454b9c,0
f0317fc4-a8ce-45d6-9a81-5d496d96502f,0
7f1114c4-6a5a-45e6-ad25-21ba86891321,0
ea6707fd-dfab-4174-ab37-2ea46ccdc929,1
ed43b056-a948-4a6e-b7aa-231d6affa8b3,1
7c37c56b-4b3d-4643-9e4f-8d2e60aaaec3,0
cae6cd39-4d4c-4b71-86cf-d8659833f20b,0
9e9f9073-939f-430a-a152-ede5985971d3,0
4f212012-2729-401c-9454-362acf7b7e09,0
c9e249f7-5a37-4903-92c3-65e316c103a3,0
53285d9d-a06e-4819-9c62-2f5dd467890c,0
185ee80b-f9fb-4ba8-87df-cfcef922f169,1
3242eb63-5a5c-4734-9fe5-bd8e10ab97de,0
c47dd8ce-405b-4317-8d40-70ee0f8f718d,0
f440cf7d-79c2-43d6-aced-79a105d4df9a,1
f344d016-a97b-4bf2-8fe2-235b1536e440,0
d9612da8-69d0-4ab8-8e2e-41e202740c39,1
fa3df80f-37c7-40b9-bdf5-a32a3cc1b8f4,1
6324b2ce-914e-4093-b17b-a71d82d6317d,1
70f8a04e-adcb-48f1-be96-91597dc64c97,0
b4a6b8c3-18a0-4eec-b02b-238eed177891,0
4d546c1d-7375-466f-8718-0fc75bd1d315,0
ed002a9a-5bef-468c-8e25-e2262a43db30,0
576f18c4-9a85-4fec-9281-a6278c539eb2,1
6521b24e-6317-46ef-a1e0-2fbe7547d550,1
550769e4-a4de-40b2-9d93-1f64c319ae65,0
b2e28a3e-f699-421a-aed9-9b1b2816a850,0
adf690f9-eff9-4eed-84e0-3d9d45405eac,1
5db0b3b5-2365-43ad-9cca-258f06e9d659,1
cc92d397-0ece-4e3a-89f1-ca45002ea813,1
28f27ca5-93ee-4bd9-8505-c734b1cfec1a,1
83f8d651-755c-46c5-9d38-a08c486c1e73,1
dfbc0813-fce6-4eb6-9680-a2d220de36aa,0
0c6124ba-5acc-4aac-b2e9-247d3f243288,0
09a61f4b-fa56-40f2-8e74-0b785f5f08cd,1
2a1c245a-8af2-49df-97d0-5e5c3c3a0fb7,0
9bd38323-081f-4fad-99b1-cac48eada3dc,0
e6b69622-3df7-4bbd-a2d2-8acd60f93c61,1
689d97ec-40e9-4c70-a548-a7a3d4943a88,0
7ff85d22-21d8-4504-93fc-87b80fc2172d,0
1b8da169-65a1-4409-9b58-beb9d2dbb312,0
8918dfb9-a2c8-4148-813c-0a001d188170,1
75fee5cb-2161-43f4-afce-d20e29f4164b,0
bd0f8c9d-dc33-48d9-bc97-2b2fb7a3e220,0
5c9c5652-fb3f-4b5c-8a4a-c2846a4ff2d6,1
1939e26e-a1ac-4c24-9aa5-0abd4948a81c,1
39163a0c-ce74-4a9e-83d8-62e82b473a1c,1
2f627bf3-b57f-464b-9bad-a6acda116467,1
71ed3fbe-1ca7-4bd2-98a9-bfd8a17525f0,0
beaf0ad7-a37f-4143-8d4d-9f45a231fe4e,0
1e307fcc-2725-47b1-9976-ff2acee4040c,0
af6cd541-48f9-45a0-b5e3-35024dad07cf,0
d652b32c-2035-4915-80f8-ae995c71beb0,1
b2c74e7b-6cf3-49ef-ba4d-5702ab6c565c,1
5aca44e1-2687-438d-a6d5-7459553f3d7d,0
2eb9743e-955f-4814-99a6-56758df24620,1
8a78aa20-9b2b-4432-aeff-1ee91f8a4810,0
55cf7efc-95a5-4a7e-ad70-e6bd0e5729a1,0
a00e1375-70fa-44f1-b3bc-6c5cc901b7b4,0
6dd0fc12-3d8f-4e0a-a43e-56a3f9f9b737,0
7c8bd4cd-6c28-4829-9272-0124193fcf18,0
add86819-f116-4b6c-8336-b99ce522cc98,1
08eedea4-48a3-4315-95c9-fc0e82f30376,0
b490af16-e5fb-4c6e-b046-afe48a55da99,0
f33e5069-0770-4873-a893-f9de3c59adac,0
7e63fd27-ece2-4dfa-b2fe-56489cc48c1b,0
94936534-33ab-4d9b-b702-93574c664d76,1
a25c0a58-9664-4df2-be38-a19036232eb2,0
19e0b41d-d67c-4d09-a065-9b3a2b2b1c34,1
9273b28c-35b9-4435-bb1c-979f9ab4d65b,0
eedf6420-20a2-4ba7-b057-a148847c31ac,1
dfb97757-a31f-4413-a6a8-011da7c19928,0
e4376074-0448-49fc-bdcd-827466eb59c9,0
a19a4f6b-9781-4e9a-8e3b-06a35b103dd4,1
a5585ee6-ec3f-4db7-8518-f5bb87a28c4b,1
bb524581-9d37-41ff-baaf-6eb4aab80d34,1
904de333-5df9-4fcd-b233-a94da78fb176,1
8e44198b-aed1-4e53-9a13-16ca8b899b43,1
8f8eb585-81e2-4bbd-8c69-d88a081ff8ef,0
b0dcdc16-b5d2-4b90-83f8-d44210d2cc6f,0
0d388406-379f-4e09-991a-a88b6c17a5af,0
6162b2b0-28da-4573-938c-0aee6653e6a4,1
0e6f1b69-1cb4-4aa1-bedd-ab3f8ec9325f,0
9c8a1f73-746e-4b5b-9575-e7b71f5e671d,0
46d4a24e-9af7-4ad9-84c0-5a72eb768dc4,0
ee4b8593-7bc2-467e-ad0e-cf6876baddf6,0
9eaf8d59-2a7a-48f9-af96-b29eb2b37fe3,0
3046d914-b10a-4194-b5d5-7e256042a02f,0
7bcb105c-686d-43dd-90b8-73f90d953a9a,1
40226942-4dac-4a7f-a89d-36cd56b21f3a,1
78fd1dee-1530-4652-86e2-42ad09b60ccf,0
9d6bc073-8087-4f88-9175-8d8abffd2e38,0
297ea479-64f9-41c8-9431-9316df176009,0
fd1c2d43-46da-4b55-86e5-9377d604d80d,0
5d8c1923-e0f3-4323-a66e-49050a9cc240,0
9cc8c59e-2e9a-4d65-94c7-07791c7eda1a,0
0cb24db8-6883-480c-b4ff-de63686ff862,1
5c02b509-5f24-456c-ad4e-dcce4841fd95,1
ac752519-9e04-40cb-a6be-d25cf49bdb8a,1
e85e9a4a-e888-4523-98b4-40279cd4a3e7,1
eef750e2-50a7-49ab-b4a8-d7a660e4150d,1
85e4a287-c2c2-4925-a5e6-046aac2fd047,0
3e907d44-f0c6-497a-ba3a-046a8765b970,0
8fbe9f31-485a-41e1-ab13-43bb67e8177c,1
9d2794b7-0cd4-4816-8767-4b9cac225f1d,0
b5828dd7-a989-41b7-9f97-90e221fda6b1,1
7e07c3d9-49ae-4a88-8107-f89288facca3,1
d0ca27c7-031b-402c-838c-e81b0d7b83d3,1
c99d6dc5-d196-444b-98a9-c69460af5bc2,1
4b0c12a2-024c-4a6a-9589-16a45c830f63,0
f8078fbe-953c-46bd-b9e2-2117f9ac4104,1
503326a8-5589-4dbb-9ab1-5dad6f8d2a68,0
c97e22ab-25a1-419c-9c3e-01e4df718b96,0
8c8b51b9-8317-42ec-b3eb-7f3bf528dd06,1
bf9b259b-f15f-42b3-a8a7-4b1b84796d5e,0
c06acbaf-f37e-43ca-a20f-b079c79de30e,1
29ac5913-9123-45aa-85fd-3c95491bfe44,1
bfbbaf74-0340-49db-91f0-2bd42428f15c,1
76f72473-c7c6-4ac3-b17f-ac11da358bc1,1
678f3d9f-8df7-4cfd-bb23-684e6c1be58b,1
7e693aed-63e3-4ffb-93d6-396564df45d3,0
e46781de-22dd-4c27-a498-7f5df39cf631,0
77d452e5-059e-4276-8312-18fe8756212b,1
1def0961-b421-4c2b-ac74-89b7581c71da,0
a32b4a84-3e25-4294-89e4-f7e131f37287,0
8fe68c64-147e-4767-a128-eb54602e3d71,0
751182ee-4d50-483e-9e00-0bcb9bde0ec2,1
8d3aeef0-0376-4d35-92d8-524e246e17d8,0
d30d6518-eb16-4da6-bc8d-cc2522060595,1
00a3821c-7449-46c0-87f9-d0142acfc2cb,0
5bd1fa75-3b60-494c-84b8-8ec0ea405b2c,1
dda8249d-43ac-439e-bc37-fa1428adf0d2,0
2ee91518-600f-4ec0-9829-871b05d4824a,1
549864f3-15fa-4458-b1fd-825b5081c393,0
5e1073cf-5c3e-4ad6-adb8-046e51aeafa8,0
1e5ed471-8358-4c53-98e8-572ba0a2c331,0
7a8771d0-7e39-4115-95a4-c6846c32d93f,1
453cb4c1-6c91-4b79-bbcd-ac14f7ff30cc,1
529ed68f-8dda-43d6-b7f0-88ecce534331,0
a5c6e2b4-25ba-4294-b635-84c53506ea60,0
fee556d4-a276-40f2-80d4-8a25a452210c,0
b2b9807b-6768-4757-9ea8-739ea2ce170f,0
dc7f2132-1f19-4822-a574-04ad7c8aed93,1
c59a962d-2cf7-47fe-86ca-c6a3897ebfa7,1
ff201d1c-f5e7-4afa-b7c1-7118515f6151,0
5b089f8f-7b55-4f5a-8178-eca27e852260,1
644a60bc-3abe-454c-87f1-04c207b23a75,1
d65a68ef-66f4-4e42-bd75-9a9551aaf4ac,0
f05e154a-a510-4f26-b377-7159261d6961,0
ae6f48dc-c94b-4c19-b136-83b98b570ce2,1
83a7e2a5-558f-46ee-b3f8-210859476c51,1
e5954dbf-5751-4bd3-b6a0-4d7c04820854,0
4f7fe9ed-080b-4e81-8011-f28d1667ad09,0
d2f37b7d-64e8-4009-96bc-77812a3e9aee,0
b9867a18-fe29-4b5c-9e16-13bfe7746808,1
9824300e-a67e-4046-9d5b-c03d435f9d75,0
ec8d8a76-3a4a-4d86-be93-f483a468a644,0
84691478-8c93-4f99-99a1-2c6b3d143c2b,0
fc6562dc-9895-4098-919c-0ffa434dcff4,1
59b82ccd-ebe9-40fd-8e84-2f3bfa32bd2c,1
b58a76c8-5d74-4881-b065-6105e329e283,0
df0e31b5-4a68-4777-bda9-86b0f820c024,1
67db27c7-034c-4a35-88ad-675ff4cd910f,0
07584770-301c-4749-9fcf-d01a69fb5a72,1
0efc04ef-187e-450f-9111-39fca48f0b14,0
278a2e01-3e4e-48db-a43e-9766e42a20ea,1
c17a64ed-2916-40d0-bfea-21f0741d6791,0
4095b9cd-be81-48eb-b95c-349da565a041,0
2a3b3246-2989-44e3-8e40-a168fba8a466,0
1a803cfd-4adf-4f9e-8035-3f68f294da85,0
b3205226-54e7-4019-841f-e6d6e7d53c83,0
d893af27-95bb-45da-9805-7618d976a256,1
41bbc648-b7ab-4f37-8e66-20163b0bdf71,0
c8483aa9-e144-487b-a13a-36db32c0d7f3,0
90e3481a-c7e3-4454-8e5b-dc98e3fd3e52,1
0a379f93-cb68-4492-ab19-50a9fc74d0ad,1
d6d320fc-6a5f-4c44-a7db-6fd31ae28bbd,0
f3ad028f-d5cb-4bf9-a9b3-4b763bbaaf7d,0
5dfa4bf8-c221-408d-9b19-53fe960ccfba,1
2c1c4aca-c6cc-4999-8dd5-920a711cc3c7,1
a5d70e4b-61fb-4bfd-a26f-7a53769491b5,0
35541979-11f0-423a-a063-36bd9a844d72,0
92e28bf5-8f87-478a-9645-18393911afc6,1
6ac0da51-8d4b-4f6c-8432-99c09c297cb5,1
c8825c44-e87c-4dfb-aeaf-9b17332d330b,0
759138db-e2a6-4ddb-8a68-5b9dffff99e1,1
fc567078-8c2c-43ed-8ed2-2ff320c952f8,0
e98a10b6-0cd6-4729-be1c-ef863bb43134,0
58003477-5f6b-4a93-9857-99c1103af2eb,0
ad69c1cd-b4ce-4ae2-a798-f8a063c99a36,1
95dd8ef5-1010-43df-be76-be684f3d9bd6,0
f5e0d153-818c-4aba-b1df-32031f65120e,1
b7593e57-25ad-4dbf-b744-07d320dc4c07,1
db27484b-a403-46af-bacf-70c7afbb14c8,0
397fd881-4f45-4721-8c5d-1abc65d30966,1
a6462251-7184-4a30-aaab-414d87eb0247,0
e980593a-cdfa-48e9-bf8b-cc3e140abb0e,0
e2dcf34f-ad36-49e2-95dc-f8eabe07dce6,1
68365fb8-43f9-41a1-9ab2-cc18ff802a13,0
cd791e64-0e96-41ea-9a99-ecbb1efe0b88,1
9cdd273f-7539-4355-b39f-d2f0ff36b5fb,0
affe57dd-9eba-46cf-a474-ccb04c4b9dbd,1
5253723a-7d7b-4794-b4ae-a9f8f90184f1,1
78dab093-b021-41db-92bd-418bf0d00fc3,1
99b442ea-9377-44aa-8658-e08040ba04f6,1
8c26bbc1-8cb3-40b8-a567-fa605aab78fb,1
49f7a06b-2946-4638-8e35-fc4adc9973d6,1
eeac44b3-4cc3-4c0d-961d-8e31977eb4e0,0
93738765-b7d2-44ca-b04f-831f4c351fdb,1
9a3bcf15-4967-4a95-b952-f1dcc28ffff5,0
44b4c005-b9a1-4304-a041-ab9ef45002f1,0
77f92047-d80a-4f7e-a60a-29d7d7373968,0
d2bdb66e-3627-4abf-aaa1-aa41ffdfe96d,0
6429a9a2-e2c1-4f5a-9bb6-c3f165a45091,0
4b5f1327-813e-4afa-9853-bd633e20cfbd,0
7047da29-2e45-40ff-ae39-e56a73d7fe6e,0
48fe3cfa-347f-4446-bf29-4388104e03d7,0
e4e1401b-9a33-49eb-a856-566367356cc1,1
5ecae57d-8c88-4b8e-a27b-ebdd9ff0463b,0
841b2b9c-78e3-4e25-83b8-53fdd5d0b24b,0
99515eb4-afd1-43b2-90a0-f21f43125ce5,1
407b7b39-9aad-42ae-8ad9-60f113611a15,0
cc36f5a5-1197-4bea-90a1-e28ed23a9bd3,1
